{
	"name": "extComLib",
	"version": "1.0.0.0",
	"description": "Library for nexacro platform17",
	"license": "",
	"scripts": [
        "extComLib/Frame.js",
        "extComLib/Util.js",
        "extComLib/Transaction.js",     
        "extComLib/Validation.js",
        "extComLib/Popup.js",
        "extComLib/MultiLanguage.js",
        "extComLib/File.js",
        "extComLib/Message.js",
        "extComLib/Grid.js",
        "extComLib/Excel.js",
        "extComLib/Comp.js", 
        //"extComLib/ExtFileUpDownload.js",
        "extComLib/Chart.js"
	]
}