﻿{
	"name": "ActionAsset",
	"moduletype": "component",
	"version": "0",
	"minnexacroversion": "",
	"description": "",
	"license": "",
	"objInfo": [	
    "ActionAsset/_metainfo_/CommonInfo.info",
    "ActionAsset/_metainfo_/TranAction.info",
    "ActionAsset/_metainfo_/MessageAction.info",
    "ActionAsset/_metainfo_/PopupAction.info"
	],
	"scripts": [
    "ActionAsset/TranAction.js",
    "ActionAsset/MessageAction.js",
    "ActionAsset/PopupAction.js"
	],
	"scriptsfilter": [

	],
	"designscripts": [

	],
	"help": "",	
	"xcss": "",
	"images": "",	
	"licensefiles": "",
	"icons": "",
	"userfolder": [

	],
	"installinfo": {

	},
	"contentseditor": [

	]
}
