--------------------------------------------------------
--  파일이 생성됨 - 금요일-1월-29-2021   
--------------------------------------------------------
REM INSERTING into "dbo".ERP_ACCOUNT_TYPE
SET DEFINE OFF;
Insert into "dbo".ERP_ACCOUNT_TYPE (TYPE_CODE,TYPE_VALUE) values ('lS','매출거래');
Insert into "dbo".ERP_ACCOUNT_TYPE (TYPE_CODE,TYPE_VALUE) values ('pS','매입거래');
REM INSERTING into "dbo".ERP_AREA
SET DEFINE OFF;
Insert into "dbo".ERP_AREA (CODE_NUM,CODE_VALUE) values ('01','서울');
Insert into "dbo".ERP_AREA (CODE_NUM,CODE_VALUE) values ('02','부산');
Insert into "dbo".ERP_AREA (CODE_NUM,CODE_VALUE) values ('03','대구');
Insert into "dbo".ERP_AREA (CODE_NUM,CODE_VALUE) values ('04','인천');
Insert into "dbo".ERP_AREA (CODE_NUM,CODE_VALUE) values ('05','광주');
Insert into "dbo".ERP_AREA (CODE_NUM,CODE_VALUE) values ('06','대전');
Insert into "dbo".ERP_AREA (CODE_NUM,CODE_VALUE) values ('07','울산');
Insert into "dbo".ERP_AREA (CODE_NUM,CODE_VALUE) values ('08','경기');
Insert into "dbo".ERP_AREA (CODE_NUM,CODE_VALUE) values ('09','강원');
Insert into "dbo".ERP_AREA (CODE_NUM,CODE_VALUE) values ('10','충북');
Insert into "dbo".ERP_AREA (CODE_NUM,CODE_VALUE) values ('11','충남');
Insert into "dbo".ERP_AREA (CODE_NUM,CODE_VALUE) values ('12','전북');
Insert into "dbo".ERP_AREA (CODE_NUM,CODE_VALUE) values ('13','전남');
Insert into "dbo".ERP_AREA (CODE_NUM,CODE_VALUE) values ('14','경북');
Insert into "dbo".ERP_AREA (CODE_NUM,CODE_VALUE) values ('15','경남');
Insert into "dbo".ERP_AREA (CODE_NUM,CODE_VALUE) values ('16','제주');
Insert into "dbo".ERP_AREA (CODE_NUM,CODE_VALUE) values ('17','세종');
REM INSERTING into "dbo".ERP_BUSINESS_CONDITION
SET DEFINE OFF;
Insert into "dbo".ERP_BUSINESS_CONDITION (CONDITION_CODE,CONDITION_VALUE,CONDITION_STATUS) values ('A','농,임,어업','Y');
Insert into "dbo".ERP_BUSINESS_CONDITION (CONDITION_CODE,CONDITION_VALUE,CONDITION_STATUS) values ('B','광업','N');
Insert into "dbo".ERP_BUSINESS_CONDITION (CONDITION_CODE,CONDITION_VALUE,CONDITION_STATUS) values ('C','제조업','Y');
Insert into "dbo".ERP_BUSINESS_CONDITION (CONDITION_CODE,CONDITION_VALUE,CONDITION_STATUS) values ('D','전기,가스,증기공급업','N');
Insert into "dbo".ERP_BUSINESS_CONDITION (CONDITION_CODE,CONDITION_VALUE,CONDITION_STATUS) values ('E','수도,하수,폐기물처리','N');
Insert into "dbo".ERP_BUSINESS_CONDITION (CONDITION_CODE,CONDITION_VALUE,CONDITION_STATUS) values ('F','건설업','N');
Insert into "dbo".ERP_BUSINESS_CONDITION (CONDITION_CODE,CONDITION_VALUE,CONDITION_STATUS) values ('G','도매및소매업','Y');
Insert into "dbo".ERP_BUSINESS_CONDITION (CONDITION_CODE,CONDITION_VALUE,CONDITION_STATUS) values ('H','운수및창고업','Y');
Insert into "dbo".ERP_BUSINESS_CONDITION (CONDITION_CODE,CONDITION_VALUE,CONDITION_STATUS) values ('I','숙박및음식점업','Y');
Insert into "dbo".ERP_BUSINESS_CONDITION (CONDITION_CODE,CONDITION_VALUE,CONDITION_STATUS) values ('J','정보통신업','N');
Insert into "dbo".ERP_BUSINESS_CONDITION (CONDITION_CODE,CONDITION_VALUE,CONDITION_STATUS) values ('K','금융및보험업','N');
Insert into "dbo".ERP_BUSINESS_CONDITION (CONDITION_CODE,CONDITION_VALUE,CONDITION_STATUS) values ('L','부동산업','N');
Insert into "dbo".ERP_BUSINESS_CONDITION (CONDITION_CODE,CONDITION_VALUE,CONDITION_STATUS) values ('M','전문,과학,기술서비스업','N');
Insert into "dbo".ERP_BUSINESS_CONDITION (CONDITION_CODE,CONDITION_VALUE,CONDITION_STATUS) values ('N','시설관리,사업지원,임대서비스업','N');
Insert into "dbo".ERP_BUSINESS_CONDITION (CONDITION_CODE,CONDITION_VALUE,CONDITION_STATUS) values ('O','공공행정,국방및사회보장행정','N');
Insert into "dbo".ERP_BUSINESS_CONDITION (CONDITION_CODE,CONDITION_VALUE,CONDITION_STATUS) values ('P','교육서비스업','N');
Insert into "dbo".ERP_BUSINESS_CONDITION (CONDITION_CODE,CONDITION_VALUE,CONDITION_STATUS) values ('Q','보건업및사회서복지서비스업','N');
Insert into "dbo".ERP_BUSINESS_CONDITION (CONDITION_CODE,CONDITION_VALUE,CONDITION_STATUS) values ('R','예술,스포츠및여가관련서비스업','N');
Insert into "dbo".ERP_BUSINESS_CONDITION (CONDITION_CODE,CONDITION_VALUE,CONDITION_STATUS) values ('S','협회및단체,수리기타개인서비스업','N');
Insert into "dbo".ERP_BUSINESS_CONDITION (CONDITION_CODE,CONDITION_VALUE,CONDITION_STATUS) values ('T','가구내고용활동및기타미분류','N');
Insert into "dbo".ERP_BUSINESS_CONDITION (CONDITION_CODE,CONDITION_VALUE,CONDITION_STATUS) values ('U','국제및외국기관','N');
REM INSERTING into "dbo".ERP_CUSTOMER
SET DEFINE OFF;
Insert into "dbo".ERP_CUSTOMER (BUSINESS_LICENSE_NUM,CORPORATE_NAME,ESTABLISHMENT_NUM,CORPORATE_TYPE,REPRESENTATIVE_NAME,REPRESENTATIVE_SOCIAL_NUM,BUSINESS_CONDITION,BUSINESS_TYPE,CORPORATE_AREA,STAFF_NAME,STAFF_TELNUM,CORPORATE_EMAIL,CORPORATE_HOMEPAGE,CORPORATE_TELNUM,CORPORATE_FAXNUM,CORPORATE_POSTAL_CODE,CORPORATE_ADRESS1,CORPORATE_ADRESS2,SALESPERSON_CODE,UNIT_PRICE_CODE,SALES_STATUS_CODE,ORDER_PASSWORD,DEAL_START_DATE,DEAL_FINAL_DATE,PAYMENT_DATE,LOAN_LIMIT,UNCOLLECTED_AMOUNT,UNPAID_AMOUNT,ACCOUMULATE_FUND,ADD_TAX_RATE,DISCOUNT_EXTRA_RATE,ETC1,ETC2,CORPORATE_CODE,UNIT_DISPLAY,INIT_ACCOUMULATE_FUND,DEAL_STATUS,CUSTOMER_DEAL_STATUS) values ('2324567895','대원유통','','t1','대원김','','G','기타 서비스','01','김민용','025423656  ','','','','','','','','18070401','u2','','','','','',0,0,0,0,0,0,'','','DWM','',0,'s1',null);
Insert into "dbo".ERP_CUSTOMER (BUSINESS_LICENSE_NUM,CORPORATE_NAME,ESTABLISHMENT_NUM,CORPORATE_TYPE,REPRESENTATIVE_NAME,REPRESENTATIVE_SOCIAL_NUM,BUSINESS_CONDITION,BUSINESS_TYPE,CORPORATE_AREA,STAFF_NAME,STAFF_TELNUM,CORPORATE_EMAIL,CORPORATE_HOMEPAGE,CORPORATE_TELNUM,CORPORATE_FAXNUM,CORPORATE_POSTAL_CODE,CORPORATE_ADRESS1,CORPORATE_ADRESS2,SALESPERSON_CODE,UNIT_PRICE_CODE,SALES_STATUS_CODE,ORDER_PASSWORD,DEAL_START_DATE,DEAL_FINAL_DATE,PAYMENT_DATE,LOAN_LIMIT,UNCOLLECTED_AMOUNT,UNPAID_AMOUNT,ACCOUMULATE_FUND,ADD_TAX_RATE,DISCOUNT_EXTRA_RATE,ETC1,ETC2,CORPORATE_CODE,UNIT_DISPLAY,INIT_ACCOUMULATE_FUND,DEAL_STATUS,CUSTOMER_DEAL_STATUS) values ('1234567890','엠지상사','','t0','이애지','','G','도매','01','김지원','0705658965 ','','','','','','','','2020122901','u2','','','','','',0,0,0,0,0,0,'','','MGS','',0,'s1',null);
Insert into "dbo".ERP_CUSTOMER (BUSINESS_LICENSE_NUM,CORPORATE_NAME,ESTABLISHMENT_NUM,CORPORATE_TYPE,REPRESENTATIVE_NAME,REPRESENTATIVE_SOCIAL_NUM,BUSINESS_CONDITION,BUSINESS_TYPE,CORPORATE_AREA,STAFF_NAME,STAFF_TELNUM,CORPORATE_EMAIL,CORPORATE_HOMEPAGE,CORPORATE_TELNUM,CORPORATE_FAXNUM,CORPORATE_POSTAL_CODE,CORPORATE_ADRESS1,CORPORATE_ADRESS2,SALESPERSON_CODE,UNIT_PRICE_CODE,SALES_STATUS_CODE,ORDER_PASSWORD,DEAL_START_DATE,DEAL_FINAL_DATE,PAYMENT_DATE,LOAN_LIMIT,UNCOLLECTED_AMOUNT,UNPAID_AMOUNT,ACCOUMULATE_FUND,ADD_TAX_RATE,DISCOUNT_EXTRA_RATE,ETC1,ETC2,CORPORATE_CODE,UNIT_DISPLAY,INIT_ACCOUMULATE_FUND,DEAL_STATUS,CUSTOMER_DEAL_STATUS) values ('7775582825','무화유통','','t0','한열매','','G','기타 서비스','08','박나나','0315256589 ','','','','','','','','10031801','u2','','','','','',0,0,0,0,0,0,'','','MHG','',0,'s1',null);
Insert into "dbo".ERP_CUSTOMER (BUSINESS_LICENSE_NUM,CORPORATE_NAME,ESTABLISHMENT_NUM,CORPORATE_TYPE,REPRESENTATIVE_NAME,REPRESENTATIVE_SOCIAL_NUM,BUSINESS_CONDITION,BUSINESS_TYPE,CORPORATE_AREA,STAFF_NAME,STAFF_TELNUM,CORPORATE_EMAIL,CORPORATE_HOMEPAGE,CORPORATE_TELNUM,CORPORATE_FAXNUM,CORPORATE_POSTAL_CODE,CORPORATE_ADRESS1,CORPORATE_ADRESS2,SALESPERSON_CODE,UNIT_PRICE_CODE,SALES_STATUS_CODE,ORDER_PASSWORD,DEAL_START_DATE,DEAL_FINAL_DATE,PAYMENT_DATE,LOAN_LIMIT,UNCOLLECTED_AMOUNT,UNPAID_AMOUNT,ACCOUMULATE_FUND,ADD_TAX_RATE,DISCOUNT_EXTRA_RATE,ETC1,ETC2,CORPORATE_CODE,UNIT_DISPLAY,INIT_ACCOUMULATE_FUND,DEAL_STATUS,CUSTOMER_DEAL_STATUS) values ('2589632563','오키마트','','t0','최긍정','','G','마트','01','박감사','01023564568','','','','','','','','','u2','','','','','',0,0,0,0,0,0,'','','OKY','',0,'s1',null);
Insert into "dbo".ERP_CUSTOMER (BUSINESS_LICENSE_NUM,CORPORATE_NAME,ESTABLISHMENT_NUM,CORPORATE_TYPE,REPRESENTATIVE_NAME,REPRESENTATIVE_SOCIAL_NUM,BUSINESS_CONDITION,BUSINESS_TYPE,CORPORATE_AREA,STAFF_NAME,STAFF_TELNUM,CORPORATE_EMAIL,CORPORATE_HOMEPAGE,CORPORATE_TELNUM,CORPORATE_FAXNUM,CORPORATE_POSTAL_CODE,CORPORATE_ADRESS1,CORPORATE_ADRESS2,SALESPERSON_CODE,UNIT_PRICE_CODE,SALES_STATUS_CODE,ORDER_PASSWORD,DEAL_START_DATE,DEAL_FINAL_DATE,PAYMENT_DATE,LOAN_LIMIT,UNCOLLECTED_AMOUNT,UNPAID_AMOUNT,ACCOUMULATE_FUND,ADD_TAX_RATE,DISCOUNT_EXTRA_RATE,ETC1,ETC2,CORPORATE_CODE,UNIT_DISPLAY,INIT_ACCOUMULATE_FUND,DEAL_STATUS,CUSTOMER_DEAL_STATUS) values ('1112223336','2BE1상사','','t0','강실업','','G','전자제품','04','조영실','0324567893 ','','','','','','','','2020122901','u2','','','','','',0,0,0,0,0,0,'','','TTM','',0,'s1',null);
REM INSERTING into "dbo".ERP_CUSTOMER_TYPE
SET DEFINE OFF;
Insert into "dbo".ERP_CUSTOMER_TYPE (TYPE_CODE,TYPE_VALUE) values ('t0','기타소매');
Insert into "dbo".ERP_CUSTOMER_TYPE (TYPE_CODE,TYPE_VALUE) values ('t1','도매');
Insert into "dbo".ERP_CUSTOMER_TYPE (TYPE_CODE,TYPE_VALUE) values ('t2','매출처');
Insert into "dbo".ERP_CUSTOMER_TYPE (TYPE_CODE,TYPE_VALUE) values ('t3','매입처');
Insert into "dbo".ERP_CUSTOMER_TYPE (TYPE_CODE,TYPE_VALUE) values ('t4','불량거래');
REM INSERTING into "dbo".ERP_DEAL
SET DEFINE OFF;
Insert into "dbo".ERP_DEAL (DEAL_CODE,DEAL_DATE,DEAL_TYPE,CUSTOMER_CODE,ADD_IN_TAX,ACCOUNT_BILL,SALESMAN_CODE,BEFORE_PRICE,DISCOUNT_PRICE,LAST_PRICE,CREDIT_PRICE,CASH_PRICE,ACCOUNT_PRICE,BILL_PRICE,CARD_PRICE,ESTIMATE_CODE,ADD_RESERVE_FUND,USE_RESERVE_FUND,ETC,DEAL_TITLE,DEAL_SEQ,TAX_TYPE,TOTAL_COUNT,TOTAL_AMOUNT,UNIT_PRICE,TOTAL_PRICE,PAYMENT_PRICE,TAX_PRICE,ACCOUMULATE_FUND) values ('20201201pSIMT01','20201201','pS','IMT','false',null,'18070401',93980,0,93980,0,0,5100,21000,20,'',0,0,'','',1,'11',null,18,0,86450,26120,8645,0);
Insert into "dbo".ERP_DEAL (DEAL_CODE,DEAL_DATE,DEAL_TYPE,CUSTOMER_CODE,ADD_IN_TAX,ACCOUNT_BILL,SALESMAN_CODE,BEFORE_PRICE,DISCOUNT_PRICE,LAST_PRICE,CREDIT_PRICE,CASH_PRICE,ACCOUNT_PRICE,BILL_PRICE,CARD_PRICE,ESTIMATE_CODE,ADD_RESERVE_FUND,USE_RESERVE_FUND,ETC,DEAL_TITLE,DEAL_SEQ,TAX_TYPE,TOTAL_COUNT,TOTAL_AMOUNT,UNIT_PRICE,TOTAL_PRICE,PAYMENT_PRICE,TAX_PRICE,ACCOUMULATE_FUND) values ('20201224lSDWM01','20201224','lS','DWM','true',null,'18070401',7530,0,7530,0,0,0,0,0,'',0,0,'','',1,'11',null,1,0,7530,0,753,0);
Insert into "dbo".ERP_DEAL (DEAL_CODE,DEAL_DATE,DEAL_TYPE,CUSTOMER_CODE,ADD_IN_TAX,ACCOUNT_BILL,SALESMAN_CODE,BEFORE_PRICE,DISCOUNT_PRICE,LAST_PRICE,CREDIT_PRICE,CASH_PRICE,ACCOUNT_PRICE,BILL_PRICE,CARD_PRICE,ESTIMATE_CODE,ADD_RESERVE_FUND,USE_RESERVE_FUND,ETC,DEAL_TITLE,DEAL_SEQ,TAX_TYPE,TOTAL_COUNT,TOTAL_AMOUNT,UNIT_PRICE,TOTAL_PRICE,PAYMENT_PRICE,TAX_PRICE,ACCOUMULATE_FUND) values ('20201224lSIMT01','20201224','lS','IMT','',null,'18070401',75300,0,75300,0,0,50200,10200,10,'',0,0,'','',1,'11',null,10,0,75300,50200,7530,0);
Insert into "dbo".ERP_DEAL (DEAL_CODE,DEAL_DATE,DEAL_TYPE,CUSTOMER_CODE,ADD_IN_TAX,ACCOUNT_BILL,SALESMAN_CODE,BEFORE_PRICE,DISCOUNT_PRICE,LAST_PRICE,CREDIT_PRICE,CASH_PRICE,ACCOUNT_PRICE,BILL_PRICE,CARD_PRICE,ESTIMATE_CODE,ADD_RESERVE_FUND,USE_RESERVE_FUND,ETC,DEAL_TITLE,DEAL_SEQ,TAX_TYPE,TOTAL_COUNT,TOTAL_AMOUNT,UNIT_PRICE,TOTAL_PRICE,PAYMENT_PRICE,TAX_PRICE,ACCOUMULATE_FUND) values ('20201224lSMGS01','20201224','pS','MGS','false',null,'18070401',37650,0,37650,0,0,0,0,0,'',0,0,'','',1,'11',null,5,0,37650,0,3765,0);
Insert into "dbo".ERP_DEAL (DEAL_CODE,DEAL_DATE,DEAL_TYPE,CUSTOMER_CODE,ADD_IN_TAX,ACCOUNT_BILL,SALESMAN_CODE,BEFORE_PRICE,DISCOUNT_PRICE,LAST_PRICE,CREDIT_PRICE,CASH_PRICE,ACCOUNT_PRICE,BILL_PRICE,CARD_PRICE,ESTIMATE_CODE,ADD_RESERVE_FUND,USE_RESERVE_FUND,ETC,DEAL_TITLE,DEAL_SEQ,TAX_TYPE,TOTAL_COUNT,TOTAL_AMOUNT,UNIT_PRICE,TOTAL_PRICE,PAYMENT_PRICE,TAX_PRICE,ACCOUMULATE_FUND) values ('20201224lSMHG01','20201224','lS','MHG','true',null,'18070401',760530,0,760530,0,0,0,0,0,'',0,0,'','',1,'11',null,101,0,8283,0,753,0);
Insert into "dbo".ERP_DEAL (DEAL_CODE,DEAL_DATE,DEAL_TYPE,CUSTOMER_CODE,ADD_IN_TAX,ACCOUNT_BILL,SALESMAN_CODE,BEFORE_PRICE,DISCOUNT_PRICE,LAST_PRICE,CREDIT_PRICE,CASH_PRICE,ACCOUNT_PRICE,BILL_PRICE,CARD_PRICE,ESTIMATE_CODE,ADD_RESERVE_FUND,USE_RESERVE_FUND,ETC,DEAL_TITLE,DEAL_SEQ,TAX_TYPE,TOTAL_COUNT,TOTAL_AMOUNT,UNIT_PRICE,TOTAL_PRICE,PAYMENT_PRICE,TAX_PRICE,ACCOUMULATE_FUND) values ('20201224lSMIM01','20201224','lS','MIM','true',null,'18070401',150600,400,150600,0,0,85000,0,0,'',0,0,'','',1,'11',null,20,0,150200,0,15060,0);
Insert into "dbo".ERP_DEAL (DEAL_CODE,DEAL_DATE,DEAL_TYPE,CUSTOMER_CODE,ADD_IN_TAX,ACCOUNT_BILL,SALESMAN_CODE,BEFORE_PRICE,DISCOUNT_PRICE,LAST_PRICE,CREDIT_PRICE,CASH_PRICE,ACCOUNT_PRICE,BILL_PRICE,CARD_PRICE,ESTIMATE_CODE,ADD_RESERVE_FUND,USE_RESERVE_FUND,ETC,DEAL_TITLE,DEAL_SEQ,TAX_TYPE,TOTAL_COUNT,TOTAL_AMOUNT,UNIT_PRICE,TOTAL_PRICE,PAYMENT_PRICE,TAX_PRICE,ACCOUMULATE_FUND) values ('20201224lSTTM01','20201224','lS','TTM','',null,'18070401',13180,0,13180,0,0,20,0,0,'',0,0,'','',1,'11',null,2,0,5650,20,565,0);
Insert into "dbo".ERP_DEAL (DEAL_CODE,DEAL_DATE,DEAL_TYPE,CUSTOMER_CODE,ADD_IN_TAX,ACCOUNT_BILL,SALESMAN_CODE,BEFORE_PRICE,DISCOUNT_PRICE,LAST_PRICE,CREDIT_PRICE,CASH_PRICE,ACCOUNT_PRICE,BILL_PRICE,CARD_PRICE,ESTIMATE_CODE,ADD_RESERVE_FUND,USE_RESERVE_FUND,ETC,DEAL_TITLE,DEAL_SEQ,TAX_TYPE,TOTAL_COUNT,TOTAL_AMOUNT,UNIT_PRICE,TOTAL_PRICE,PAYMENT_PRICE,TAX_PRICE,ACCOUMULATE_FUND) values ('20201224lSTTM02','20201224','lS','TTM','true',null,'18070401',46280,0,50155,0,0,0,1111,11111,'',0,0,'','',1,'11',null,8,0,16150,12222,565,0);
Insert into "dbo".ERP_DEAL (DEAL_CODE,DEAL_DATE,DEAL_TYPE,CUSTOMER_CODE,ADD_IN_TAX,ACCOUNT_BILL,SALESMAN_CODE,BEFORE_PRICE,DISCOUNT_PRICE,LAST_PRICE,CREDIT_PRICE,CASH_PRICE,ACCOUNT_PRICE,BILL_PRICE,CARD_PRICE,ESTIMATE_CODE,ADD_RESERVE_FUND,USE_RESERVE_FUND,ETC,DEAL_TITLE,DEAL_SEQ,TAX_TYPE,TOTAL_COUNT,TOTAL_AMOUNT,UNIT_PRICE,TOTAL_PRICE,PAYMENT_PRICE,TAX_PRICE,ACCOUMULATE_FUND) values ('20201230pSDWM01','20201230','pS','DWM','true',null,'2020121601',10235,0,10235,0,1000,0,0,0,'',0,0,'','',1,'11',null,1,0,10235,1000,1023,0);
Insert into "dbo".ERP_DEAL (DEAL_CODE,DEAL_DATE,DEAL_TYPE,CUSTOMER_CODE,ADD_IN_TAX,ACCOUNT_BILL,SALESMAN_CODE,BEFORE_PRICE,DISCOUNT_PRICE,LAST_PRICE,CREDIT_PRICE,CASH_PRICE,ACCOUNT_PRICE,BILL_PRICE,CARD_PRICE,ESTIMATE_CODE,ADD_RESERVE_FUND,USE_RESERVE_FUND,ETC,DEAL_TITLE,DEAL_SEQ,TAX_TYPE,TOTAL_COUNT,TOTAL_AMOUNT,UNIT_PRICE,TOTAL_PRICE,PAYMENT_PRICE,TAX_PRICE,ACCOUMULATE_FUND) values ('20201230pSEMG01','20201230','pS','EMG','true',null,'2020122901',15060,0,15060,0,0,0,0,0,'',0,0,'','',1,'11',null,2,0,15060,0,1506,0);
Insert into "dbo".ERP_DEAL (DEAL_CODE,DEAL_DATE,DEAL_TYPE,CUSTOMER_CODE,ADD_IN_TAX,ACCOUNT_BILL,SALESMAN_CODE,BEFORE_PRICE,DISCOUNT_PRICE,LAST_PRICE,CREDIT_PRICE,CASH_PRICE,ACCOUNT_PRICE,BILL_PRICE,CARD_PRICE,ESTIMATE_CODE,ADD_RESERVE_FUND,USE_RESERVE_FUND,ETC,DEAL_TITLE,DEAL_SEQ,TAX_TYPE,TOTAL_COUNT,TOTAL_AMOUNT,UNIT_PRICE,TOTAL_PRICE,PAYMENT_PRICE,TAX_PRICE,ACCOUMULATE_FUND) values ('20201231lSMIM01','20201231','lS','MIM','true',null,'0202012101',565000,0,565000,0,0,0,0,0,'',0,0,'','',1,'11',null,100,0,565000,0,56500,0);
Insert into "dbo".ERP_DEAL (DEAL_CODE,DEAL_DATE,DEAL_TYPE,CUSTOMER_CODE,ADD_IN_TAX,ACCOUNT_BILL,SALESMAN_CODE,BEFORE_PRICE,DISCOUNT_PRICE,LAST_PRICE,CREDIT_PRICE,CASH_PRICE,ACCOUNT_PRICE,BILL_PRICE,CARD_PRICE,ESTIMATE_CODE,ADD_RESERVE_FUND,USE_RESERVE_FUND,ETC,DEAL_TITLE,DEAL_SEQ,TAX_TYPE,TOTAL_COUNT,TOTAL_AMOUNT,UNIT_PRICE,TOTAL_PRICE,PAYMENT_PRICE,TAX_PRICE,ACCOUMULATE_FUND) values ('20201231lSMIM02','20201231','lS','MIM','true',null,'10031801',4970,0,6000,0,0,0,0,0,'',0,0,'','',1,'12',null,2,0,900,0,0,0);
Insert into "dbo".ERP_DEAL (DEAL_CODE,DEAL_DATE,DEAL_TYPE,CUSTOMER_CODE,ADD_IN_TAX,ACCOUNT_BILL,SALESMAN_CODE,BEFORE_PRICE,DISCOUNT_PRICE,LAST_PRICE,CREDIT_PRICE,CASH_PRICE,ACCOUNT_PRICE,BILL_PRICE,CARD_PRICE,ESTIMATE_CODE,ADD_RESERVE_FUND,USE_RESERVE_FUND,ETC,DEAL_TITLE,DEAL_SEQ,TAX_TYPE,TOTAL_COUNT,TOTAL_AMOUNT,UNIT_PRICE,TOTAL_PRICE,PAYMENT_PRICE,TAX_PRICE,ACCOUMULATE_FUND) values ('20210102pSDWM01','20210102','pS','DWM','true',null,'2020122901',10235,0,10235,0,0,0,0,0,'',0,0,'','',1,'11',null,1,0,10235,0,1023,0);
Insert into "dbo".ERP_DEAL (DEAL_CODE,DEAL_DATE,DEAL_TYPE,CUSTOMER_CODE,ADD_IN_TAX,ACCOUNT_BILL,SALESMAN_CODE,BEFORE_PRICE,DISCOUNT_PRICE,LAST_PRICE,CREDIT_PRICE,CASH_PRICE,ACCOUNT_PRICE,BILL_PRICE,CARD_PRICE,ESTIMATE_CODE,ADD_RESERVE_FUND,USE_RESERVE_FUND,ETC,DEAL_TITLE,DEAL_SEQ,TAX_TYPE,TOTAL_COUNT,TOTAL_AMOUNT,UNIT_PRICE,TOTAL_PRICE,PAYMENT_PRICE,TAX_PRICE,ACCOUMULATE_FUND) values ('20210111lSDWM01','20210111','lS','DWM','true',null,'2020122901',32695,500,35964,33333,123123,123,0,0,'',123,123,'','',1,'22',null,3,0,35464,123246,1125,123);
Insert into "dbo".ERP_DEAL (DEAL_CODE,DEAL_DATE,DEAL_TYPE,CUSTOMER_CODE,ADD_IN_TAX,ACCOUNT_BILL,SALESMAN_CODE,BEFORE_PRICE,DISCOUNT_PRICE,LAST_PRICE,CREDIT_PRICE,CASH_PRICE,ACCOUNT_PRICE,BILL_PRICE,CARD_PRICE,ESTIMATE_CODE,ADD_RESERVE_FUND,USE_RESERVE_FUND,ETC,DEAL_TITLE,DEAL_SEQ,TAX_TYPE,TOTAL_COUNT,TOTAL_AMOUNT,UNIT_PRICE,TOTAL_PRICE,PAYMENT_PRICE,TAX_PRICE,ACCOUMULATE_FUND) values ('20210111lSDWM02','20210111','lS','DWM','false',null,'2020121601',30000,0,30000,0,0,0,0,0,'',0,0,'','',1,'12',null,10,0,30000,0,3000,0);
Insert into "dbo".ERP_DEAL (DEAL_CODE,DEAL_DATE,DEAL_TYPE,CUSTOMER_CODE,ADD_IN_TAX,ACCOUNT_BILL,SALESMAN_CODE,BEFORE_PRICE,DISCOUNT_PRICE,LAST_PRICE,CREDIT_PRICE,CASH_PRICE,ACCOUNT_PRICE,BILL_PRICE,CARD_PRICE,ESTIMATE_CODE,ADD_RESERVE_FUND,USE_RESERVE_FUND,ETC,DEAL_TITLE,DEAL_SEQ,TAX_TYPE,TOTAL_COUNT,TOTAL_AMOUNT,UNIT_PRICE,TOTAL_PRICE,PAYMENT_PRICE,TAX_PRICE,ACCOUMULATE_FUND) values ('20210112pSDWM01','20210112','pS','DWM','false',null,'10031801',10235,0,10235,0,0,0,0,0,'',0,0,'','',1,'11',null,1,0,10235,0,1023,0);
Insert into "dbo".ERP_DEAL (DEAL_CODE,DEAL_DATE,DEAL_TYPE,CUSTOMER_CODE,ADD_IN_TAX,ACCOUNT_BILL,SALESMAN_CODE,BEFORE_PRICE,DISCOUNT_PRICE,LAST_PRICE,CREDIT_PRICE,CASH_PRICE,ACCOUNT_PRICE,BILL_PRICE,CARD_PRICE,ESTIMATE_CODE,ADD_RESERVE_FUND,USE_RESERVE_FUND,ETC,DEAL_TITLE,DEAL_SEQ,TAX_TYPE,TOTAL_COUNT,TOTAL_AMOUNT,UNIT_PRICE,TOTAL_PRICE,PAYMENT_PRICE,TAX_PRICE,ACCOUMULATE_FUND) values ('20210113lSMHG01','20210113','lS','MHG','',null,'0202012101',10235,0,10235,0,0,0,0,0,'',0,0,'','',1,'11',null,1,0,10235,0,1023,0);
Insert into "dbo".ERP_DEAL (DEAL_CODE,DEAL_DATE,DEAL_TYPE,CUSTOMER_CODE,ADD_IN_TAX,ACCOUNT_BILL,SALESMAN_CODE,BEFORE_PRICE,DISCOUNT_PRICE,LAST_PRICE,CREDIT_PRICE,CASH_PRICE,ACCOUNT_PRICE,BILL_PRICE,CARD_PRICE,ESTIMATE_CODE,ADD_RESERVE_FUND,USE_RESERVE_FUND,ETC,DEAL_TITLE,DEAL_SEQ,TAX_TYPE,TOTAL_COUNT,TOTAL_AMOUNT,UNIT_PRICE,TOTAL_PRICE,PAYMENT_PRICE,TAX_PRICE,ACCOUMULATE_FUND) values ('20210114lSMIM01','20210114','lS','MIM','',null,'0202012101',5100,0,5100,0,0,0,0,0,'',0,0,'','',1,'11',null,1,0,5100,0,510,0);
Insert into "dbo".ERP_DEAL (DEAL_CODE,DEAL_DATE,DEAL_TYPE,CUSTOMER_CODE,ADD_IN_TAX,ACCOUNT_BILL,SALESMAN_CODE,BEFORE_PRICE,DISCOUNT_PRICE,LAST_PRICE,CREDIT_PRICE,CASH_PRICE,ACCOUNT_PRICE,BILL_PRICE,CARD_PRICE,ESTIMATE_CODE,ADD_RESERVE_FUND,USE_RESERVE_FUND,ETC,DEAL_TITLE,DEAL_SEQ,TAX_TYPE,TOTAL_COUNT,TOTAL_AMOUNT,UNIT_PRICE,TOTAL_PRICE,PAYMENT_PRICE,TAX_PRICE,ACCOUMULATE_FUND) values ('20210115pSDWM01','20210115','pS','DWM','true',null,'2020121601',7530,0,7530,0,0,0,0,0,'',0,0,'','',1,'11',null,1,0,7530,0,753,0);
Insert into "dbo".ERP_DEAL (DEAL_CODE,DEAL_DATE,DEAL_TYPE,CUSTOMER_CODE,ADD_IN_TAX,ACCOUNT_BILL,SALESMAN_CODE,BEFORE_PRICE,DISCOUNT_PRICE,LAST_PRICE,CREDIT_PRICE,CASH_PRICE,ACCOUNT_PRICE,BILL_PRICE,CARD_PRICE,ESTIMATE_CODE,ADD_RESERVE_FUND,USE_RESERVE_FUND,ETC,DEAL_TITLE,DEAL_SEQ,TAX_TYPE,TOTAL_COUNT,TOTAL_AMOUNT,UNIT_PRICE,TOTAL_PRICE,PAYMENT_PRICE,TAX_PRICE,ACCOUMULATE_FUND) values ('20210119pSMHG01','20210119','pS','MHG','true',null,'0202012101',7530,0,7530,0,0,0,0,0,'',0,0,'','',1,'11',null,6,0,7530,0,753,0);
Insert into "dbo".ERP_DEAL (DEAL_CODE,DEAL_DATE,DEAL_TYPE,CUSTOMER_CODE,ADD_IN_TAX,ACCOUNT_BILL,SALESMAN_CODE,BEFORE_PRICE,DISCOUNT_PRICE,LAST_PRICE,CREDIT_PRICE,CASH_PRICE,ACCOUNT_PRICE,BILL_PRICE,CARD_PRICE,ESTIMATE_CODE,ADD_RESERVE_FUND,USE_RESERVE_FUND,ETC,DEAL_TITLE,DEAL_SEQ,TAX_TYPE,TOTAL_COUNT,TOTAL_AMOUNT,UNIT_PRICE,TOTAL_PRICE,PAYMENT_PRICE,TAX_PRICE,ACCOUMULATE_FUND) values ('20210121pSDWM01','20210121','pS','DWM','true',null,'0202012101',17765,0,17765,0,0,0,0,0,'',0,0,'','',1,'21',null,3,0,10235,0,1023,0);
Insert into "dbo".ERP_DEAL (DEAL_CODE,DEAL_DATE,DEAL_TYPE,CUSTOMER_CODE,ADD_IN_TAX,ACCOUNT_BILL,SALESMAN_CODE,BEFORE_PRICE,DISCOUNT_PRICE,LAST_PRICE,CREDIT_PRICE,CASH_PRICE,ACCOUNT_PRICE,BILL_PRICE,CARD_PRICE,ESTIMATE_CODE,ADD_RESERVE_FUND,USE_RESERVE_FUND,ETC,DEAL_TITLE,DEAL_SEQ,TAX_TYPE,TOTAL_COUNT,TOTAL_AMOUNT,UNIT_PRICE,TOTAL_PRICE,PAYMENT_PRICE,TAX_PRICE,ACCOUMULATE_FUND) values ('20210126lSDWM01','20210126','lS','DWM','',null,'18070401',11230,0,11230,0,0,0,0,0,'',0,0,'','',1,'11',null,1,0,11230,0,1123,0);
Insert into "dbo".ERP_DEAL (DEAL_CODE,DEAL_DATE,DEAL_TYPE,CUSTOMER_CODE,ADD_IN_TAX,ACCOUNT_BILL,SALESMAN_CODE,BEFORE_PRICE,DISCOUNT_PRICE,LAST_PRICE,CREDIT_PRICE,CASH_PRICE,ACCOUNT_PRICE,BILL_PRICE,CARD_PRICE,ESTIMATE_CODE,ADD_RESERVE_FUND,USE_RESERVE_FUND,ETC,DEAL_TITLE,DEAL_SEQ,TAX_TYPE,TOTAL_COUNT,TOTAL_AMOUNT,UNIT_PRICE,TOTAL_PRICE,PAYMENT_PRICE,TAX_PRICE,ACCOUMULATE_FUND) values ('20210126lSMHG01','20210126','lS','MHG','',null,'10031801',7530,0,7530,0,0,0,0,0,'',0,0,'','',1,'11',null,1,0,7530,0,753,0);
Insert into "dbo".ERP_DEAL (DEAL_CODE,DEAL_DATE,DEAL_TYPE,CUSTOMER_CODE,ADD_IN_TAX,ACCOUNT_BILL,SALESMAN_CODE,BEFORE_PRICE,DISCOUNT_PRICE,LAST_PRICE,CREDIT_PRICE,CASH_PRICE,ACCOUNT_PRICE,BILL_PRICE,CARD_PRICE,ESTIMATE_CODE,ADD_RESERVE_FUND,USE_RESERVE_FUND,ETC,DEAL_TITLE,DEAL_SEQ,TAX_TYPE,TOTAL_COUNT,TOTAL_AMOUNT,UNIT_PRICE,TOTAL_PRICE,PAYMENT_PRICE,TAX_PRICE,ACCOUMULATE_FUND) values ('20210126lSTTM01','20210126','lS','TTM','',null,'2020122901',18760,0,18760,0,0,0,0,0,'',0,0,'','',1,'11',null,2,0,18760,0,1876,0);
Insert into "dbo".ERP_DEAL (DEAL_CODE,DEAL_DATE,DEAL_TYPE,CUSTOMER_CODE,ADD_IN_TAX,ACCOUNT_BILL,SALESMAN_CODE,BEFORE_PRICE,DISCOUNT_PRICE,LAST_PRICE,CREDIT_PRICE,CASH_PRICE,ACCOUNT_PRICE,BILL_PRICE,CARD_PRICE,ESTIMATE_CODE,ADD_RESERVE_FUND,USE_RESERVE_FUND,ETC,DEAL_TITLE,DEAL_SEQ,TAX_TYPE,TOTAL_COUNT,TOTAL_AMOUNT,UNIT_PRICE,TOTAL_PRICE,PAYMENT_PRICE,TAX_PRICE,ACCOUMULATE_FUND) values ('20210126lSTTM02','20210126','pS','TTM','',null,'2020122901',102350,0,102350,0,0,0,0,0,'',0,0,'','',1,'11',null,20,0,102350,0,10230,0);
Insert into "dbo".ERP_DEAL (DEAL_CODE,DEAL_DATE,DEAL_TYPE,CUSTOMER_CODE,ADD_IN_TAX,ACCOUNT_BILL,SALESMAN_CODE,BEFORE_PRICE,DISCOUNT_PRICE,LAST_PRICE,CREDIT_PRICE,CASH_PRICE,ACCOUNT_PRICE,BILL_PRICE,CARD_PRICE,ESTIMATE_CODE,ADD_RESERVE_FUND,USE_RESERVE_FUND,ETC,DEAL_TITLE,DEAL_SEQ,TAX_TYPE,TOTAL_COUNT,TOTAL_AMOUNT,UNIT_PRICE,TOTAL_PRICE,PAYMENT_PRICE,TAX_PRICE,ACCOUMULATE_FUND) values ('20210127lSMHG01','20210127','lS','MHG','',null,'10031801',23730,0,23730,0,0,0,0,0,'',0,0,'','',1,'11',null,2,0,23730,0,2373,0);
Insert into "dbo".ERP_DEAL (DEAL_CODE,DEAL_DATE,DEAL_TYPE,CUSTOMER_CODE,ADD_IN_TAX,ACCOUNT_BILL,SALESMAN_CODE,BEFORE_PRICE,DISCOUNT_PRICE,LAST_PRICE,CREDIT_PRICE,CASH_PRICE,ACCOUNT_PRICE,BILL_PRICE,CARD_PRICE,ESTIMATE_CODE,ADD_RESERVE_FUND,USE_RESERVE_FUND,ETC,DEAL_TITLE,DEAL_SEQ,TAX_TYPE,TOTAL_COUNT,TOTAL_AMOUNT,UNIT_PRICE,TOTAL_PRICE,PAYMENT_PRICE,TAX_PRICE,ACCOUMULATE_FUND) values ('20210127lSTTM01','20210127','lS','TTM','',null,'2020122901',37650,0,37650,0,0,0,0,0,'',0,0,'','',1,'11',null,5,0,37650,0,3765,0);
Insert into "dbo".ERP_DEAL (DEAL_CODE,DEAL_DATE,DEAL_TYPE,CUSTOMER_CODE,ADD_IN_TAX,ACCOUNT_BILL,SALESMAN_CODE,BEFORE_PRICE,DISCOUNT_PRICE,LAST_PRICE,CREDIT_PRICE,CASH_PRICE,ACCOUNT_PRICE,BILL_PRICE,CARD_PRICE,ESTIMATE_CODE,ADD_RESERVE_FUND,USE_RESERVE_FUND,ETC,DEAL_TITLE,DEAL_SEQ,TAX_TYPE,TOTAL_COUNT,TOTAL_AMOUNT,UNIT_PRICE,TOTAL_PRICE,PAYMENT_PRICE,TAX_PRICE,ACCOUMULATE_FUND) values ('20210127lSTTM02','20210127','pS','TTM','true',null,'2020122901',53545,0,55791,232,0,23232,23232,0,'',0,0,'','',1,'16',null,4,0,22460,48787,2246,0);
Insert into "dbo".ERP_DEAL (DEAL_CODE,DEAL_DATE,DEAL_TYPE,CUSTOMER_CODE,ADD_IN_TAX,ACCOUNT_BILL,SALESMAN_CODE,BEFORE_PRICE,DISCOUNT_PRICE,LAST_PRICE,CREDIT_PRICE,CASH_PRICE,ACCOUNT_PRICE,BILL_PRICE,CARD_PRICE,ESTIMATE_CODE,ADD_RESERVE_FUND,USE_RESERVE_FUND,ETC,DEAL_TITLE,DEAL_SEQ,TAX_TYPE,TOTAL_COUNT,TOTAL_AMOUNT,UNIT_PRICE,TOTAL_PRICE,PAYMENT_PRICE,TAX_PRICE,ACCOUMULATE_FUND) values ('20210128lSOKY01','20210128','lS','OKY','',null,'',37650,0,37650,0,0,0,0,0,'',0,0,'','',1,'11',null,5,0,37650,0,3765,0);
REM INSERTING into "dbo".ERP_DEAL_CUSTOMER
SET DEFINE OFF;
Insert into "dbo".ERP_DEAL_CUSTOMER (CUSTOMER_CODE,PURCHASE_TOTAL_PRICE,SALES_TOTAL_PRICE,PURCHASE_PAYMENT_PRICE,SALES_PAYMENT_PRICE,PURCHASE_DISCOUNT,SALES_DISCOUNT,PAYMENT_DATE,ACCOUMULATE_FUND) values ('MIM',0,2157600,0,335000,0,1200,'20210114',0);
Insert into "dbo".ERP_DEAL_CUSTOMER (CUSTOMER_CODE,PURCHASE_TOTAL_PRICE,SALES_TOTAL_PRICE,PURCHASE_PAYMENT_PRICE,SALES_PAYMENT_PRICE,PURCHASE_DISCOUNT,SALES_DISCOUNT,PAYMENT_DATE,ACCOUMULATE_FUND) values ('TTM',484711,269040,66552,12262,0,10,'20201217',0);
Insert into "dbo".ERP_DEAL_CUSTOMER (CUSTOMER_CODE,PURCHASE_TOTAL_PRICE,SALES_TOTAL_PRICE,PURCHASE_PAYMENT_PRICE,SALES_PAYMENT_PRICE,PURCHASE_DISCOUNT,SALES_DISCOUNT,PAYMENT_DATE,ACCOUMULATE_FUND) values ('OKY',0,64900,0,0,0,1000,'20201229',0);
Insert into "dbo".ERP_DEAL_CUSTOMER (CUSTOMER_CODE,PURCHASE_TOTAL_PRICE,SALES_TOTAL_PRICE,PURCHASE_PAYMENT_PRICE,SALES_PAYMENT_PRICE,PURCHASE_DISCOUNT,SALES_DISCOUNT,PAYMENT_DATE,ACCOUMULATE_FUND) values ('MGS',75300,0,15000,0,0,0,'20201228',0);
Insert into "dbo".ERP_DEAL_CUSTOMER (CUSTOMER_CODE,PURCHASE_TOTAL_PRICE,SALES_TOTAL_PRICE,PURCHASE_PAYMENT_PRICE,SALES_PAYMENT_PRICE,PURCHASE_DISCOUNT,SALES_DISCOUNT,PAYMENT_DATE,ACCOUMULATE_FUND) values ('IMT',1189175,301200,1664660,171010,6000,0,'20201230',0);
Insert into "dbo".ERP_DEAL_CUSTOMER (CUSTOMER_CODE,PURCHASE_TOTAL_PRICE,SALES_TOTAL_PRICE,PURCHASE_PAYMENT_PRICE,SALES_PAYMENT_PRICE,PURCHASE_DISCOUNT,SALES_DISCOUNT,PAYMENT_DATE,ACCOUMULATE_FUND) values ('MHG',7530,829579,0,0,0,0,'20201229',0);
Insert into "dbo".ERP_DEAL_CUSTOMER (CUSTOMER_CODE,PURCHASE_TOTAL_PRICE,SALES_TOTAL_PRICE,PURCHASE_PAYMENT_PRICE,SALES_PAYMENT_PRICE,PURCHASE_DISCOUNT,SALES_DISCOUNT,PAYMENT_DATE,ACCOUMULATE_FUND) values ('DWM',468937,348581,1000,1109214,0,993,'20211225',0);
REM INSERTING into "dbo".ERP_DEAL_STATUS
SET DEFINE OFF;
Insert into "dbo".ERP_DEAL_STATUS (STATUS_CODE,STATUS_VALUE) values ('s1','거래유지');
Insert into "dbo".ERP_DEAL_STATUS (STATUS_CODE,STATUS_VALUE) values ('s2','거래중지');
Insert into "dbo".ERP_DEAL_STATUS (STATUS_CODE,STATUS_VALUE) values ('s3','거래삭제');
REM INSERTING into "dbo".ERP_DEAL_TYPE
SET DEFINE OFF;
Insert into "dbo".ERP_DEAL_TYPE (TYPE_CODE,TYPE_VALUE) values ('11','과세거래');
Insert into "dbo".ERP_DEAL_TYPE (TYPE_CODE,TYPE_VALUE) values ('12','영세거래');
Insert into "dbo".ERP_DEAL_TYPE (TYPE_CODE,TYPE_VALUE) values ('13','면세거래');
Insert into "dbo".ERP_DEAL_TYPE (TYPE_CODE,TYPE_VALUE) values ('14','건별면세');
Insert into "dbo".ERP_DEAL_TYPE (TYPE_CODE,TYPE_VALUE) values ('15','수입거래');
Insert into "dbo".ERP_DEAL_TYPE (TYPE_CODE,TYPE_VALUE) values ('16','수출거래');
Insert into "dbo".ERP_DEAL_TYPE (TYPE_CODE,TYPE_VALUE) values ('21','카드과세');
Insert into "dbo".ERP_DEAL_TYPE (TYPE_CODE,TYPE_VALUE) values ('22','카드영세');
Insert into "dbo".ERP_DEAL_TYPE (TYPE_CODE,TYPE_VALUE) values ('23','카드면세');
Insert into "dbo".ERP_DEAL_TYPE (TYPE_CODE,TYPE_VALUE) values ('31','현금과세');
Insert into "dbo".ERP_DEAL_TYPE (TYPE_CODE,TYPE_VALUE) values ('32','현금영세');
Insert into "dbo".ERP_DEAL_TYPE (TYPE_CODE,TYPE_VALUE) values ('33','현금면세');
Insert into "dbo".ERP_DEAL_TYPE (TYPE_CODE,TYPE_VALUE) values ('99','기타');
REM INSERTING into "dbo".ERP_DEAL_UNIT
SET DEFINE OFF;
Insert into "dbo".ERP_DEAL_UNIT (UNIT_CODE,UNIT_VALUE) values ('u0','입고가');
Insert into "dbo".ERP_DEAL_UNIT (UNIT_CODE,UNIT_VALUE) values ('u1','도매가');
Insert into "dbo".ERP_DEAL_UNIT (UNIT_CODE,UNIT_VALUE) values ('u2','소매가');
Insert into "dbo".ERP_DEAL_UNIT (UNIT_CODE,UNIT_VALUE) values ('u3','최종판매가');
Insert into "dbo".ERP_DEAL_UNIT (UNIT_CODE,UNIT_VALUE) values ('u4','특별단가1');
Insert into "dbo".ERP_DEAL_UNIT (UNIT_CODE,UNIT_VALUE) values ('u5','특별단가2');
Insert into "dbo".ERP_DEAL_UNIT (UNIT_CODE,UNIT_VALUE) values ('u6','특별단가3');
REM INSERTING into "dbo".ERP_DEALDETAIL
SET DEFINE OFF;
Insert into "dbo".ERP_DEALDETAIL (DEAL_CODE,AMOUNT,LAST_PRICE,UNIT_PRICE,ETC,SURTAX_TYPE,PRODUCT_CODE,TAX_PRICE,TOTAL_PRICE,DISCOUNT_PRICE,DEAL_NUMBER) values ('',1,5650,5650,'','','mf0003e00401005',565,5650,0,null);
Insert into "dbo".ERP_DEALDETAIL (DEAL_CODE,AMOUNT,LAST_PRICE,UNIT_PRICE,ETC,SURTAX_TYPE,PRODUCT_CODE,TAX_PRICE,TOTAL_PRICE,DISCOUNT_PRICE,DEAL_NUMBER) values ('20201224lSTTM01',1,5650,5650,'','','mf0003e00401005',565,5650,0,null);
Insert into "dbo".ERP_DEALDETAIL (DEAL_CODE,AMOUNT,LAST_PRICE,UNIT_PRICE,ETC,SURTAX_TYPE,PRODUCT_CODE,TAX_PRICE,TOTAL_PRICE,DISCOUNT_PRICE,DEAL_NUMBER) values ('',5,5650,5650,'','','mf0003e00401005',2825,27250,200,null);
Insert into "dbo".ERP_DEALDETAIL (DEAL_CODE,AMOUNT,LAST_PRICE,UNIT_PRICE,ETC,SURTAX_TYPE,PRODUCT_CODE,TAX_PRICE,TOTAL_PRICE,DISCOUNT_PRICE,DEAL_NUMBER) values ('20201201pSIMT01',1,7530,7530,'','false','mf0010e00101002',753,7530,0,null);
Insert into "dbo".ERP_DEALDETAIL (DEAL_CODE,AMOUNT,LAST_PRICE,UNIT_PRICE,ETC,SURTAX_TYPE,PRODUCT_CODE,TAX_PRICE,TOTAL_PRICE,DISCOUNT_PRICE,DEAL_NUMBER) values ('20201224lSIMT01',10,7530,7530,'','','mf0010e00101002',7530,75300,0,null);
Insert into "dbo".ERP_DEALDETAIL (DEAL_CODE,AMOUNT,LAST_PRICE,UNIT_PRICE,ETC,SURTAX_TYPE,PRODUCT_CODE,TAX_PRICE,TOTAL_PRICE,DISCOUNT_PRICE,DEAL_NUMBER) values ('20201224lSTTM01',1,7530,7530,'','','mf0010e00101002',753,7530,10,null);
Insert into "dbo".ERP_DEALDETAIL (DEAL_CODE,AMOUNT,LAST_PRICE,UNIT_PRICE,ETC,SURTAX_TYPE,PRODUCT_CODE,TAX_PRICE,TOTAL_PRICE,DISCOUNT_PRICE,DEAL_NUMBER) values ('20201201pSIMT01',5,5650,5650,'','false','mf0003e00401005',2825,28250,0,null);
Insert into "dbo".ERP_DEALDETAIL (DEAL_CODE,AMOUNT,LAST_PRICE,UNIT_PRICE,ETC,SURTAX_TYPE,PRODUCT_CODE,TAX_PRICE,TOTAL_PRICE,DISCOUNT_PRICE,DEAL_NUMBER) values ('20201201pSIMT01',12,4850,4850,'','false','mf0003e00702001',5820,58200,0,null);
Insert into "dbo".ERP_DEALDETAIL (DEAL_CODE,AMOUNT,LAST_PRICE,UNIT_PRICE,ETC,SURTAX_TYPE,PRODUCT_CODE,TAX_PRICE,TOTAL_PRICE,DISCOUNT_PRICE,DEAL_NUMBER) values ('20201224lSMIM01',20,7530,7530,'','true','mf0010e00101002',15060,150200,20,null);
Insert into "dbo".ERP_DEALDETAIL (DEAL_CODE,AMOUNT,LAST_PRICE,UNIT_PRICE,ETC,SURTAX_TYPE,PRODUCT_CODE,TAX_PRICE,TOTAL_PRICE,DISCOUNT_PRICE,DEAL_NUMBER) values ('20201224lSMGS01',5,7530,7530,'','false','mf0010e00101002',3765,37650,0,null);
Insert into "dbo".ERP_DEALDETAIL (DEAL_CODE,AMOUNT,LAST_PRICE,UNIT_PRICE,ETC,SURTAX_TYPE,PRODUCT_CODE,TAX_PRICE,TOTAL_PRICE,DISCOUNT_PRICE,DEAL_NUMBER) values ('20201224lSTTM02',5,6215,5650,'','true','mf0003e00401005',0,31075,0,null);
Insert into "dbo".ERP_DEALDETAIL (DEAL_CODE,AMOUNT,LAST_PRICE,UNIT_PRICE,ETC,SURTAX_TYPE,PRODUCT_CODE,TAX_PRICE,TOTAL_PRICE,DISCOUNT_PRICE,DEAL_NUMBER) values ('20201224lSTTM02',1,5335,4850,'','true','mf0003e00702001',0,5335,0,null);
Insert into "dbo".ERP_DEALDETAIL (DEAL_CODE,AMOUNT,LAST_PRICE,UNIT_PRICE,ETC,SURTAX_TYPE,PRODUCT_CODE,TAX_PRICE,TOTAL_PRICE,DISCOUNT_PRICE,DEAL_NUMBER) values ('20201224lSTTM02',1,6215,5650,'','true','mf0003e00401005',0,6215,0,null);
Insert into "dbo".ERP_DEALDETAIL (DEAL_CODE,AMOUNT,LAST_PRICE,UNIT_PRICE,ETC,SURTAX_TYPE,PRODUCT_CODE,TAX_PRICE,TOTAL_PRICE,DISCOUNT_PRICE,DEAL_NUMBER) values ('20201230pSDWM01',1,10235,10235,'','true','mf0004e00201003',1023,10235,0,null);
Insert into "dbo".ERP_DEALDETAIL (DEAL_CODE,AMOUNT,LAST_PRICE,UNIT_PRICE,ETC,SURTAX_TYPE,PRODUCT_CODE,TAX_PRICE,TOTAL_PRICE,DISCOUNT_PRICE,DEAL_NUMBER) values ('20201230pSEMG01',2,7530,7530,'','true','mf0010e00101002',1506,15060,0,null);
Insert into "dbo".ERP_DEALDETAIL (DEAL_CODE,AMOUNT,LAST_PRICE,UNIT_PRICE,ETC,SURTAX_TYPE,PRODUCT_CODE,TAX_PRICE,TOTAL_PRICE,DISCOUNT_PRICE,DEAL_NUMBER) values ('20201224lSMHG01',100,7530,7530,'','true','mf0010e00101002',75300,753000,0,null);
Insert into "dbo".ERP_DEALDETAIL (DEAL_CODE,AMOUNT,LAST_PRICE,UNIT_PRICE,ETC,SURTAX_TYPE,PRODUCT_CODE,TAX_PRICE,TOTAL_PRICE,DISCOUNT_PRICE,DEAL_NUMBER) values ('20201224lSDWM01',1,7530,7530,'','true','mf0010e00101002',753,7530,0,null);
Insert into "dbo".ERP_DEALDETAIL (DEAL_CODE,AMOUNT,LAST_PRICE,UNIT_PRICE,ETC,SURTAX_TYPE,PRODUCT_CODE,TAX_PRICE,TOTAL_PRICE,DISCOUNT_PRICE,DEAL_NUMBER) values ('20201231lSMIM01',100,5650,5650,'','true','mf0003e00401005',56500,565000,0,null);
Insert into "dbo".ERP_DEALDETAIL (DEAL_CODE,AMOUNT,LAST_PRICE,UNIT_PRICE,ETC,SURTAX_TYPE,PRODUCT_CODE,TAX_PRICE,TOTAL_PRICE,DISCOUNT_PRICE,DEAL_NUMBER) values ('20201231lSMIM02',1,900,-130,'','true','mf0004e00201003',0,900,0,null);
Insert into "dbo".ERP_DEALDETAIL (DEAL_CODE,AMOUNT,LAST_PRICE,UNIT_PRICE,ETC,SURTAX_TYPE,PRODUCT_CODE,TAX_PRICE,TOTAL_PRICE,DISCOUNT_PRICE,DEAL_NUMBER) values ('20201231lSMIM02',1,5100,5100,'','true','mf0003e00702001',510,5100,0,null);
Insert into "dbo".ERP_DEALDETAIL (DEAL_CODE,AMOUNT,LAST_PRICE,UNIT_PRICE,ETC,SURTAX_TYPE,PRODUCT_CODE,TAX_PRICE,TOTAL_PRICE,DISCOUNT_PRICE,DEAL_NUMBER) values ('20210102pSDWM01',1,10235,10235,'','true','mf0004e00201003',1023,10235,0,null);
Insert into "dbo".ERP_DEALDETAIL (DEAL_CODE,AMOUNT,LAST_PRICE,UNIT_PRICE,ETC,SURTAX_TYPE,PRODUCT_CODE,TAX_PRICE,TOTAL_PRICE,DISCOUNT_PRICE,DEAL_NUMBER) values ('20210111lSDWM02',10,3000,3000,'','false','mf0011e21702007',3000,30000,0,null);
Insert into "dbo".ERP_DEALDETAIL (DEAL_CODE,AMOUNT,LAST_PRICE,UNIT_PRICE,ETC,SURTAX_TYPE,PRODUCT_CODE,TAX_PRICE,TOTAL_PRICE,DISCOUNT_PRICE,DEAL_NUMBER) values ('20210112pSDWM01',1,10235,10235,'','false','mf0004e00201003',1023,10235,0,null);
Insert into "dbo".ERP_DEALDETAIL (DEAL_CODE,AMOUNT,LAST_PRICE,UNIT_PRICE,ETC,SURTAX_TYPE,PRODUCT_CODE,TAX_PRICE,TOTAL_PRICE,DISCOUNT_PRICE,DEAL_NUMBER) values ('20210113lSMHG01',1,10235,10235,'','','mf0004e00201003',1023,10235,0,null);
Insert into "dbo".ERP_DEALDETAIL (DEAL_CODE,AMOUNT,LAST_PRICE,UNIT_PRICE,ETC,SURTAX_TYPE,PRODUCT_CODE,TAX_PRICE,TOTAL_PRICE,DISCOUNT_PRICE,DEAL_NUMBER) values ('20210114lSMIM01',1,5100,5100,'','','mf0003e00702001',510,5100,0,null);
Insert into "dbo".ERP_DEALDETAIL (DEAL_CODE,AMOUNT,LAST_PRICE,UNIT_PRICE,ETC,SURTAX_TYPE,PRODUCT_CODE,TAX_PRICE,TOTAL_PRICE,DISCOUNT_PRICE,DEAL_NUMBER) values ('20210111lSDWM01',1,11258,10235,'','true','mf0004e00201003',1125,10758,500,null);
Insert into "dbo".ERP_DEALDETAIL (DEAL_CODE,AMOUNT,LAST_PRICE,UNIT_PRICE,ETC,SURTAX_TYPE,PRODUCT_CODE,TAX_PRICE,TOTAL_PRICE,DISCOUNT_PRICE,DEAL_NUMBER) values ('20210115pSDWM01',1,7530,7530,'','true','mf0010e00101002',753,7530,0,null);
Insert into "dbo".ERP_DEALDETAIL (DEAL_CODE,AMOUNT,LAST_PRICE,UNIT_PRICE,ETC,SURTAX_TYPE,PRODUCT_CODE,TAX_PRICE,TOTAL_PRICE,DISCOUNT_PRICE,DEAL_NUMBER) values ('20210119pSMHG01',1,7530,7530,'','true','mf0010e00101002',753,7530,0,null);
Insert into "dbo".ERP_DEALDETAIL (DEAL_CODE,AMOUNT,LAST_PRICE,UNIT_PRICE,ETC,SURTAX_TYPE,PRODUCT_CODE,TAX_PRICE,TOTAL_PRICE,DISCOUNT_PRICE,DEAL_NUMBER) values ('20210121pSDWM01',1,10235,10235,'','true','mf0004e00201003',1023,10235,0,null);
Insert into "dbo".ERP_DEALDETAIL (DEAL_CODE,AMOUNT,LAST_PRICE,UNIT_PRICE,ETC,SURTAX_TYPE,PRODUCT_CODE,TAX_PRICE,TOTAL_PRICE,DISCOUNT_PRICE,DEAL_NUMBER) values ('20210121pSDWM01',1,7530,7530,'','true','mf0010e00101002',753,7530,0,null);
Insert into "dbo".ERP_DEALDETAIL (DEAL_CODE,AMOUNT,LAST_PRICE,UNIT_PRICE,ETC,SURTAX_TYPE,PRODUCT_CODE,TAX_PRICE,TOTAL_PRICE,DISCOUNT_PRICE,DEAL_NUMBER) values ('20201224lSTTM02',1,7530,7530,'','true','mf0010e00101002',753,7530,0,null);
Insert into "dbo".ERP_DEALDETAIL (DEAL_CODE,AMOUNT,LAST_PRICE,UNIT_PRICE,ETC,SURTAX_TYPE,PRODUCT_CODE,TAX_PRICE,TOTAL_PRICE,DISCOUNT_PRICE,DEAL_NUMBER) values ('20210127lSTTM01',5,7530,7530,'','','mf0010e00101002',3765,37650,0,null);
Insert into "dbo".ERP_DEALDETAIL (DEAL_CODE,AMOUNT,LAST_PRICE,UNIT_PRICE,ETC,SURTAX_TYPE,PRODUCT_CODE,TAX_PRICE,TOTAL_PRICE,DISCOUNT_PRICE,DEAL_NUMBER) values ('20210127lSTTM02',1,7530,7530,'','true','mf0010e00101002',753,7530,0,null);
Insert into "dbo".ERP_DEALDETAIL (DEAL_CODE,AMOUNT,LAST_PRICE,UNIT_PRICE,ETC,SURTAX_TYPE,PRODUCT_CODE,TAX_PRICE,TOTAL_PRICE,DISCOUNT_PRICE,DEAL_NUMBER) values ('20210127lSTTM02',1,23555,23555,'','true','mf0006e01603008',2355,23555,0,null);
Insert into "dbo".ERP_DEALDETAIL (DEAL_CODE,AMOUNT,LAST_PRICE,UNIT_PRICE,ETC,SURTAX_TYPE,PRODUCT_CODE,TAX_PRICE,TOTAL_PRICE,DISCOUNT_PRICE,DEAL_NUMBER) values ('20210128lSOKY01',5,7530,7530,'','','mf0010e00101002',3765,37650,0,1);
Insert into "dbo".ERP_DEALDETAIL (DEAL_CODE,AMOUNT,LAST_PRICE,UNIT_PRICE,ETC,SURTAX_TYPE,PRODUCT_CODE,TAX_PRICE,TOTAL_PRICE,DISCOUNT_PRICE,DEAL_NUMBER) values ('20201224lSMHG01',1,7530,7530,'','true','mf0010e00101002',753,8283,0,null);
Insert into "dbo".ERP_DEALDETAIL (DEAL_CODE,AMOUNT,LAST_PRICE,UNIT_PRICE,ETC,SURTAX_TYPE,PRODUCT_CODE,TAX_PRICE,TOTAL_PRICE,DISCOUNT_PRICE,DEAL_NUMBER) values ('20210126lSMHG01',1,7530,7530,'','','mf0010e00101002',753,7530,0,null);
Insert into "dbo".ERP_DEALDETAIL (DEAL_CODE,AMOUNT,LAST_PRICE,UNIT_PRICE,ETC,SURTAX_TYPE,PRODUCT_CODE,TAX_PRICE,TOTAL_PRICE,DISCOUNT_PRICE,DEAL_NUMBER) values ('20210126lSDWM01',1,11230,11230,'','','mf0004e00202006',1123,11230,0,null);
Insert into "dbo".ERP_DEALDETAIL (DEAL_CODE,AMOUNT,LAST_PRICE,UNIT_PRICE,ETC,SURTAX_TYPE,PRODUCT_CODE,TAX_PRICE,TOTAL_PRICE,DISCOUNT_PRICE,DEAL_NUMBER) values ('20210126lSTTM01',1,7530,7530,'','','mf0010e00101002',753,7530,0,null);
Insert into "dbo".ERP_DEALDETAIL (DEAL_CODE,AMOUNT,LAST_PRICE,UNIT_PRICE,ETC,SURTAX_TYPE,PRODUCT_CODE,TAX_PRICE,TOTAL_PRICE,DISCOUNT_PRICE,DEAL_NUMBER) values ('20210126lSTTM01',1,11230,11230,'','','mf0004e00202006',1123,11230,0,null);
Insert into "dbo".ERP_DEALDETAIL (DEAL_CODE,AMOUNT,LAST_PRICE,UNIT_PRICE,ETC,SURTAX_TYPE,PRODUCT_CODE,TAX_PRICE,TOTAL_PRICE,DISCOUNT_PRICE,DEAL_NUMBER) values ('20210126lSTTM02',10,10235,10235,'','','mf0004e00201003',10230,102350,0,null);
Insert into "dbo".ERP_DEALDETAIL (DEAL_CODE,AMOUNT,LAST_PRICE,UNIT_PRICE,ETC,SURTAX_TYPE,PRODUCT_CODE,TAX_PRICE,TOTAL_PRICE,DISCOUNT_PRICE,DEAL_NUMBER) values ('20210127lSTTM02',2,12353,11230,'','true','mf0004e00202006',0,24706,0,null);
Insert into "dbo".ERP_DEALDETAIL (DEAL_CODE,AMOUNT,LAST_PRICE,UNIT_PRICE,ETC,SURTAX_TYPE,PRODUCT_CODE,TAX_PRICE,TOTAL_PRICE,DISCOUNT_PRICE,DEAL_NUMBER) values ('20210127lSTTM02',5,7530,7530,'','','mf0010e00101002',3765,37650,0,null);
Insert into "dbo".ERP_DEALDETAIL (DEAL_CODE,AMOUNT,LAST_PRICE,UNIT_PRICE,ETC,SURTAX_TYPE,PRODUCT_CODE,TAX_PRICE,TOTAL_PRICE,DISCOUNT_PRICE,DEAL_NUMBER) values ('20210127lSMHG01',1,11230,11230,'','','mf0004e00202006',1123,11230,0,null);
Insert into "dbo".ERP_DEALDETAIL (DEAL_CODE,AMOUNT,LAST_PRICE,UNIT_PRICE,ETC,SURTAX_TYPE,PRODUCT_CODE,TAX_PRICE,TOTAL_PRICE,DISCOUNT_PRICE,DEAL_NUMBER) values ('20210127lSMHG01',1,12500,12500,'','','mf0006e00205004',1250,12500,0,null);
Insert into "dbo".ERP_DEALDETAIL (DEAL_CODE,AMOUNT,LAST_PRICE,UNIT_PRICE,ETC,SURTAX_TYPE,PRODUCT_CODE,TAX_PRICE,TOTAL_PRICE,DISCOUNT_PRICE,DEAL_NUMBER) values ('20210111lSDWM01',2,12353,11230,'','true','mf0004e00202006',0,24706,0,null);
REM INSERTING into "dbo".ERP_EMP_DEPARTMENT
SET DEFINE OFF;
Insert into "dbo".ERP_EMP_DEPARTMENT (DEPARTMENT_CODE,DEPARTMENT_VALUE) values ('bus01','영업1팀');
Insert into "dbo".ERP_EMP_DEPARTMENT (DEPARTMENT_CODE,DEPARTMENT_VALUE) values ('bus02','영업2팀');
Insert into "dbo".ERP_EMP_DEPARTMENT (DEPARTMENT_CODE,DEPARTMENT_VALUE) values ('fed01','현장관리팀');
Insert into "dbo".ERP_EMP_DEPARTMENT (DEPARTMENT_CODE,DEPARTMENT_VALUE) values ('mag01','창고관리팀');
Insert into "dbo".ERP_EMP_DEPARTMENT (DEPARTMENT_CODE,DEPARTMENT_VALUE) values ('mag02','점포관리팀');
Insert into "dbo".ERP_EMP_DEPARTMENT (DEPARTMENT_CODE,DEPARTMENT_VALUE) values ('off01','사무행정팀');
Insert into "dbo".ERP_EMP_DEPARTMENT (DEPARTMENT_CODE,DEPARTMENT_VALUE) values ('off02','운영관리팀');
REM INSERTING into "dbo".ERP_EMP_GROUP
SET DEFINE OFF;
Insert into "dbo".ERP_EMP_GROUP (GROUP_CODE,GROUP_VALUE) values ('gpbus','영업');
Insert into "dbo".ERP_EMP_GROUP (GROUP_CODE,GROUP_VALUE) values ('gpeut','임원');
Insert into "dbo".ERP_EMP_GROUP (GROUP_CODE,GROUP_VALUE) values ('gpfed','현장');
Insert into "dbo".ERP_EMP_GROUP (GROUP_CODE,GROUP_VALUE) values ('gpmag','관리');
Insert into "dbo".ERP_EMP_GROUP (GROUP_CODE,GROUP_VALUE) values ('gpoff','사무');
REM INSERTING into "dbo".ERP_EMP_POSITION
SET DEFINE OFF;
Insert into "dbo".ERP_EMP_POSITION (POSITION_CODE,POSITION_VALUE) values ('pna01','회장');
Insert into "dbo".ERP_EMP_POSITION (POSITION_CODE,POSITION_VALUE) values ('pna02','사장');
Insert into "dbo".ERP_EMP_POSITION (POSITION_CODE,POSITION_VALUE) values ('pna03','전무');
Insert into "dbo".ERP_EMP_POSITION (POSITION_CODE,POSITION_VALUE) values ('pna04','상무');
Insert into "dbo".ERP_EMP_POSITION (POSITION_CODE,POSITION_VALUE) values ('pna05','이사');
Insert into "dbo".ERP_EMP_POSITION (POSITION_CODE,POSITION_VALUE) values ('pnb01','부장');
Insert into "dbo".ERP_EMP_POSITION (POSITION_CODE,POSITION_VALUE) values ('pnb02','차장');
Insert into "dbo".ERP_EMP_POSITION (POSITION_CODE,POSITION_VALUE) values ('pnb03','과장');
Insert into "dbo".ERP_EMP_POSITION (POSITION_CODE,POSITION_VALUE) values ('pnb04','대리');
Insert into "dbo".ERP_EMP_POSITION (POSITION_CODE,POSITION_VALUE) values ('pnb05','사원');
REM INSERTING into "dbo".ERP_EMP_STATUS
SET DEFINE OFF;
Insert into "dbo".ERP_EMP_STATUS (STATUS_CODE,STATUS_VALUE) values ('st001','재직');
Insert into "dbo".ERP_EMP_STATUS (STATUS_CODE,STATUS_VALUE) values ('st002','퇴직');
REM INSERTING into "dbo".ERP_EMPLOYEE
SET DEFINE OFF;
Insert into "dbo".ERP_EMPLOYEE (EMPLOYEE_CODE,EMPLOYEE_NAME,SEX,DEPARTMENT,POSITION,GROUPS,JOIN_DATE,BREAK_DATE,TELNUM,PHONE,POSTAL_CODE,ADRESS1,ADRESS2,MEMO,FILELIST_CODE,CAREERLIST_CODE,EMPLOYEE_STATUS,EMAIL,PHOTO,CAREERLIST) values ('0202012101','윤두정','M','bus01','pnb03','gpbus','20201210','','','01002220303','','','','','','','st001','mrj.ng@toerp.com','sea-1337565_960_7203.jpg','앰지유통 5년 근무');
Insert into "dbo".ERP_EMPLOYEE (EMPLOYEE_CODE,EMPLOYEE_NAME,SEX,DEPARTMENT,POSITION,GROUPS,JOIN_DATE,BREAK_DATE,TELNUM,PHONE,POSTAL_CODE,ADRESS1,ADRESS2,MEMO,FILELIST_CODE,CAREERLIST_CODE,EMPLOYEE_STATUS,EMAIL,PHOTO,CAREERLIST) values ('10031801','박한나','F','bus02','pnb03','gpbus','20100318','','','01066886868','23023','인천 강화군 강화읍 갑룡길117번길 18','','','','','st001','zz_na@toberp.com','A002690172_01.jpg',null);
Insert into "dbo".ERP_EMPLOYEE (EMPLOYEE_CODE,EMPLOYEE_NAME,SEX,DEPARTMENT,POSITION,GROUPS,JOIN_DATE,BREAK_DATE,TELNUM,PHONE,POSTAL_CODE,ADRESS1,ADRESS2,MEMO,FILELIST_CODE,CAREERLIST_CODE,EMPLOYEE_STATUS,EMAIL,PHOTO,CAREERLIST) values ('18070401','김영민','M','bus02','pnb01','gpbus','20180704','','01000000000','01049828282','01044','서울 강북구 삼양로136길 6','','','','','st001','mins@toberp.com','team011.png',null);
Insert into "dbo".ERP_EMPLOYEE (EMPLOYEE_CODE,EMPLOYEE_NAME,SEX,DEPARTMENT,POSITION,GROUPS,JOIN_DATE,BREAK_DATE,TELNUM,PHONE,POSTAL_CODE,ADRESS1,ADRESS2,MEMO,FILELIST_CODE,CAREERLIST_CODE,EMPLOYEE_STATUS,EMAIL,PHOTO,CAREERLIST) values ('2013040401','강신우','M','off02','pnb04','gpmag','20130404','','','01078781234','06120','서울 강남구 강남대로 480','','','','','st001','sinw@toerp.com','03.jpg','');
Insert into "dbo".ERP_EMPLOYEE (EMPLOYEE_CODE,EMPLOYEE_NAME,SEX,DEPARTMENT,POSITION,GROUPS,JOIN_DATE,BREAK_DATE,TELNUM,PHONE,POSTAL_CODE,ADRESS1,ADRESS2,MEMO,FILELIST_CODE,CAREERLIST_CODE,EMPLOYEE_STATUS,EMAIL,PHOTO,CAREERLIST) values ('2014030701','정양식','M','fed01','pnb02','gpmag','20140307','','0211542356 ','01012140522','63534','제주특별자치도 서귀포시 가가로 14','','','','','st001','','KakaoTalk_20200504_094049419_03.jpg','');
Insert into "dbo".ERP_EMPLOYEE (EMPLOYEE_CODE,EMPLOYEE_NAME,SEX,DEPARTMENT,POSITION,GROUPS,JOIN_DATE,BREAK_DATE,TELNUM,PHONE,POSTAL_CODE,ADRESS1,ADRESS2,MEMO,FILELIST_CODE,CAREERLIST_CODE,EMPLOYEE_STATUS,EMAIL,PHOTO,CAREERLIST) values ('2020121601','주임지','F','bus01','pnb03','gpbus','20201216','','','01052524545','','','','','','','st001','','블라인드컨투어드로잉.jpg','');
Insert into "dbo".ERP_EMPLOYEE (EMPLOYEE_CODE,EMPLOYEE_NAME,SEX,DEPARTMENT,POSITION,GROUPS,JOIN_DATE,BREAK_DATE,TELNUM,PHONE,POSTAL_CODE,ADRESS1,ADRESS2,MEMO,FILELIST_CODE,CAREERLIST_CODE,EMPLOYEE_STATUS,EMAIL,PHOTO,CAREERLIST) values ('2020122901','최지원','F','bus01','pnb05','gpbus','20201229','','','01088881111','13536','경기 성남시 분당구 판교역로18번길 2','','',null,null,'st001','','','');
REM INSERTING into "dbo".ERP_ESTIMATE
SET DEFINE OFF;
Insert into "dbo".ERP_ESTIMATE (ESTIMATE_DATE,ESTIMATE_STATUS,SALESMAN_CODE,CUSTOMER_CODE,ESTIMATE_TYPE,ESTIMATE_TITLE,TAX_TYPE,EXPIRY_TERM,PAYMENT_TYPE,DELIVERTY_DATE,ESTIMATE_ETC,SEAL_CHECK,SEAL_IMAGE,DISCOUNT_PRICE,ADDIN_PRICE,ESTIMATE_CODE,ESTIMATE_SEQ,UPDATE_DATE,TOTAL_PRICE,TOTAL_AMOUNT) values ('20201212','02','18070401','MGS','lS','','11','0','csh','','','','',0,0,'20201212lSMGS01',1,null,16950,3);
Insert into "dbo".ERP_ESTIMATE (ESTIMATE_DATE,ESTIMATE_STATUS,SALESMAN_CODE,CUSTOMER_CODE,ESTIMATE_TYPE,ESTIMATE_TITLE,TAX_TYPE,EXPIRY_TERM,PAYMENT_TYPE,DELIVERTY_DATE,ESTIMATE_ETC,SEAL_CHECK,SEAL_IMAGE,DISCOUNT_PRICE,ADDIN_PRICE,ESTIMATE_CODE,ESTIMATE_SEQ,UPDATE_DATE,TOTAL_PRICE,TOTAL_AMOUNT) values ('20201212','02','','MGS','lS','','11','0','csh','','','','',-870,0,'20201212lSMGS02',0,null,63600,12);
Insert into "dbo".ERP_ESTIMATE (ESTIMATE_DATE,ESTIMATE_STATUS,SALESMAN_CODE,CUSTOMER_CODE,ESTIMATE_TYPE,ESTIMATE_TITLE,TAX_TYPE,EXPIRY_TERM,PAYMENT_TYPE,DELIVERTY_DATE,ESTIMATE_ETC,SEAL_CHECK,SEAL_IMAGE,DISCOUNT_PRICE,ADDIN_PRICE,ESTIMATE_CODE,ESTIMATE_SEQ,UPDATE_DATE,TOTAL_PRICE,TOTAL_AMOUNT) values ('20201212','00','','MHG','lS','3050블링 추가주문','11','0','csh','','','','',260,0,'20201212lSMHG03',3,null,27990,5);
Insert into "dbo".ERP_ESTIMATE (ESTIMATE_DATE,ESTIMATE_STATUS,SALESMAN_CODE,CUSTOMER_CODE,ESTIMATE_TYPE,ESTIMATE_TITLE,TAX_TYPE,EXPIRY_TERM,PAYMENT_TYPE,DELIVERTY_DATE,ESTIMATE_ETC,SEAL_CHECK,SEAL_IMAGE,DISCOUNT_PRICE,ADDIN_PRICE,ESTIMATE_CODE,ESTIMATE_SEQ,UPDATE_DATE,TOTAL_PRICE,TOTAL_AMOUNT) values ('20201212','00','10031801','MGS','pS','3050블링 외 3건','11','0','csh','','','','',1000,0,'20201212pSMGS01',1,null,61070,9);
Insert into "dbo".ERP_ESTIMATE (ESTIMATE_DATE,ESTIMATE_STATUS,SALESMAN_CODE,CUSTOMER_CODE,ESTIMATE_TYPE,ESTIMATE_TITLE,TAX_TYPE,EXPIRY_TERM,PAYMENT_TYPE,DELIVERTY_DATE,ESTIMATE_ETC,SEAL_CHECK,SEAL_IMAGE,DISCOUNT_PRICE,ADDIN_PRICE,ESTIMATE_CODE,ESTIMATE_SEQ,UPDATE_DATE,TOTAL_PRICE,TOTAL_AMOUNT) values ('20201222','02','','MGS','lS','','11','5','csh','','','','',-390,0,'20201222lSMGS01',0,null,108525,15);
Insert into "dbo".ERP_ESTIMATE (ESTIMATE_DATE,ESTIMATE_STATUS,SALESMAN_CODE,CUSTOMER_CODE,ESTIMATE_TYPE,ESTIMATE_TITLE,TAX_TYPE,EXPIRY_TERM,PAYMENT_TYPE,DELIVERTY_DATE,ESTIMATE_ETC,SEAL_CHECK,SEAL_IMAGE,DISCOUNT_PRICE,ADDIN_PRICE,ESTIMATE_CODE,ESTIMATE_SEQ,UPDATE_DATE,TOTAL_PRICE,TOTAL_AMOUNT) values ('20201228','00','18070401','DWM','pS','','11','0','csh','','','','',0,0,'20201228lSDWM00',0,null,37650,5);
Insert into "dbo".ERP_ESTIMATE (ESTIMATE_DATE,ESTIMATE_STATUS,SALESMAN_CODE,CUSTOMER_CODE,ESTIMATE_TYPE,ESTIMATE_TITLE,TAX_TYPE,EXPIRY_TERM,PAYMENT_TYPE,DELIVERTY_DATE,ESTIMATE_ETC,SEAL_CHECK,SEAL_IMAGE,DISCOUNT_PRICE,ADDIN_PRICE,ESTIMATE_CODE,ESTIMATE_SEQ,UPDATE_DATE,TOTAL_PRICE,TOTAL_AMOUNT) values ('20201228','02','18070401','MGS','pS','','11','0','csh','','','','',0,0,'20201228lSMGS00',0,null,0,0);
Insert into "dbo".ERP_ESTIMATE (ESTIMATE_DATE,ESTIMATE_STATUS,SALESMAN_CODE,CUSTOMER_CODE,ESTIMATE_TYPE,ESTIMATE_TITLE,TAX_TYPE,EXPIRY_TERM,PAYMENT_TYPE,DELIVERTY_DATE,ESTIMATE_ETC,SEAL_CHECK,SEAL_IMAGE,DISCOUNT_PRICE,ADDIN_PRICE,ESTIMATE_CODE,ESTIMATE_SEQ,UPDATE_DATE,TOTAL_PRICE,TOTAL_AMOUNT) values ('20201228','00','2020121601','MIM','pS','','11','0','csh','','','','',0,0,'20201228lSMIM00',0,null,0,0);
Insert into "dbo".ERP_ESTIMATE (ESTIMATE_DATE,ESTIMATE_STATUS,SALESMAN_CODE,CUSTOMER_CODE,ESTIMATE_TYPE,ESTIMATE_TITLE,TAX_TYPE,EXPIRY_TERM,PAYMENT_TYPE,DELIVERTY_DATE,ESTIMATE_ETC,SEAL_CHECK,SEAL_IMAGE,DISCOUNT_PRICE,ADDIN_PRICE,ESTIMATE_CODE,ESTIMATE_SEQ,UPDATE_DATE,TOTAL_PRICE,TOTAL_AMOUNT) values ('20201228','04','2020121601','MIM','lS','미미홈쇼핑 납부 28-2','11','0','csh','','','','',0,0,'20201228lSMIM01',0,null,61900,10);
Insert into "dbo".ERP_ESTIMATE (ESTIMATE_DATE,ESTIMATE_STATUS,SALESMAN_CODE,CUSTOMER_CODE,ESTIMATE_TYPE,ESTIMATE_TITLE,TAX_TYPE,EXPIRY_TERM,PAYMENT_TYPE,DELIVERTY_DATE,ESTIMATE_ETC,SEAL_CHECK,SEAL_IMAGE,DISCOUNT_PRICE,ADDIN_PRICE,ESTIMATE_CODE,ESTIMATE_SEQ,UPDATE_DATE,TOTAL_PRICE,TOTAL_AMOUNT) values ('20201228','02','18070401','DWM','lS','','11','0','csh','','','','',0,0,'20201228pSDWM01',0,null,84750,15);
Insert into "dbo".ERP_ESTIMATE (ESTIMATE_DATE,ESTIMATE_STATUS,SALESMAN_CODE,CUSTOMER_CODE,ESTIMATE_TYPE,ESTIMATE_TITLE,TAX_TYPE,EXPIRY_TERM,PAYMENT_TYPE,DELIVERTY_DATE,ESTIMATE_ETC,SEAL_CHECK,SEAL_IMAGE,DISCOUNT_PRICE,ADDIN_PRICE,ESTIMATE_CODE,ESTIMATE_SEQ,UPDATE_DATE,TOTAL_PRICE,TOTAL_AMOUNT) values ('20201229','00','18070401','OKY','lS','','11','0','csh','','','','',0,0,'20201229lSOKY01',0,null,17765,2);
Insert into "dbo".ERP_ESTIMATE (ESTIMATE_DATE,ESTIMATE_STATUS,SALESMAN_CODE,CUSTOMER_CODE,ESTIMATE_TYPE,ESTIMATE_TITLE,TAX_TYPE,EXPIRY_TERM,PAYMENT_TYPE,DELIVERTY_DATE,ESTIMATE_ETC,SEAL_CHECK,SEAL_IMAGE,DISCOUNT_PRICE,ADDIN_PRICE,ESTIMATE_CODE,ESTIMATE_SEQ,UPDATE_DATE,TOTAL_PRICE,TOTAL_AMOUNT) values ('20210121','00','','MGS','lS','','11','0','csh','','','','',-870,0,'20210121lSMGS01',0,null,63600,12);
Insert into "dbo".ERP_ESTIMATE (ESTIMATE_DATE,ESTIMATE_STATUS,SALESMAN_CODE,CUSTOMER_CODE,ESTIMATE_TYPE,ESTIMATE_TITLE,TAX_TYPE,EXPIRY_TERM,PAYMENT_TYPE,DELIVERTY_DATE,ESTIMATE_ETC,SEAL_CHECK,SEAL_IMAGE,DISCOUNT_PRICE,ADDIN_PRICE,ESTIMATE_CODE,ESTIMATE_SEQ,UPDATE_DATE,TOTAL_PRICE,TOTAL_AMOUNT) values ('20210126','00','','MGS','lS','','11','0','csh','','','','',-31320,0,'20210126lSMGS01',0,null,2300830,433);
Insert into "dbo".ERP_ESTIMATE (ESTIMATE_DATE,ESTIMATE_STATUS,SALESMAN_CODE,CUSTOMER_CODE,ESTIMATE_TYPE,ESTIMATE_TITLE,TAX_TYPE,EXPIRY_TERM,PAYMENT_TYPE,DELIVERTY_DATE,ESTIMATE_ETC,SEAL_CHECK,SEAL_IMAGE,DISCOUNT_PRICE,ADDIN_PRICE,ESTIMATE_CODE,ESTIMATE_SEQ,UPDATE_DATE,TOTAL_PRICE,TOTAL_AMOUNT) values ('20210126','00','18070401','MGS','lS','3050블링 외 1건','11','0','csh','','','','',-270,0,'20210126lSMGS03',0,null,24750,4);
Insert into "dbo".ERP_ESTIMATE (ESTIMATE_DATE,ESTIMATE_STATUS,SALESMAN_CODE,CUSTOMER_CODE,ESTIMATE_TYPE,ESTIMATE_TITLE,TAX_TYPE,EXPIRY_TERM,PAYMENT_TYPE,DELIVERTY_DATE,ESTIMATE_ETC,SEAL_CHECK,SEAL_IMAGE,DISCOUNT_PRICE,ADDIN_PRICE,ESTIMATE_CODE,ESTIMATE_SEQ,UPDATE_DATE,TOTAL_PRICE,TOTAL_AMOUNT) values ('20210126','00','18070401','MGS','pS','섬유유연제 추가 견적','11','0','csh','','','','',-270,0,'20210126pSMGS01',0,null,7800,1);
Insert into "dbo".ERP_ESTIMATE (ESTIMATE_DATE,ESTIMATE_STATUS,SALESMAN_CODE,CUSTOMER_CODE,ESTIMATE_TYPE,ESTIMATE_TITLE,TAX_TYPE,EXPIRY_TERM,PAYMENT_TYPE,DELIVERTY_DATE,ESTIMATE_ETC,SEAL_CHECK,SEAL_IMAGE,DISCOUNT_PRICE,ADDIN_PRICE,ESTIMATE_CODE,ESTIMATE_SEQ,UPDATE_DATE,TOTAL_PRICE,TOTAL_AMOUNT) values ('20210127','00','18070401','DWM','lS','비투 외 2건','11','0','csh','','','','',0,0,'20210127lSDWM01',0,null,33925,4);
Insert into "dbo".ERP_ESTIMATE (ESTIMATE_DATE,ESTIMATE_STATUS,SALESMAN_CODE,CUSTOMER_CODE,ESTIMATE_TYPE,ESTIMATE_TITLE,TAX_TYPE,EXPIRY_TERM,PAYMENT_TYPE,DELIVERTY_DATE,ESTIMATE_ETC,SEAL_CHECK,SEAL_IMAGE,DISCOUNT_PRICE,ADDIN_PRICE,ESTIMATE_CODE,ESTIMATE_SEQ,UPDATE_DATE,TOTAL_PRICE,TOTAL_AMOUNT) values ('20210128','00','18070401','DWM','lS','비투 외 2건','11','0','csh','','','','',0,0,'20210128lSDWM01',0,null,33925,4);
REM INSERTING into "dbo".ERP_ESTIMATE_STATUS
SET DEFINE OFF;
Insert into "dbo".ERP_ESTIMATE_STATUS (STATUS_CODE,STATUS_VALUE) values ('00','견적작성');
Insert into "dbo".ERP_ESTIMATE_STATUS (STATUS_CODE,STATUS_VALUE) values ('01','견적요청');
Insert into "dbo".ERP_ESTIMATE_STATUS (STATUS_CODE,STATUS_VALUE) values ('02','견적승인');
Insert into "dbo".ERP_ESTIMATE_STATUS (STATUS_CODE,STATUS_VALUE) values ('03','견적반려');
Insert into "dbo".ERP_ESTIMATE_STATUS (STATUS_CODE,STATUS_VALUE) values ('04','견적취소');
Insert into "dbo".ERP_ESTIMATE_STATUS (STATUS_CODE,STATUS_VALUE) values ('05','견적완료');
REM INSERTING into "dbo".ERP_ESTIMATEDETAIL
SET DEFINE OFF;
Insert into "dbo".ERP_ESTIMATEDETAIL (ESTIMATEDETAIL_CODE,ESTIMATE_CODE,PRODUCT_CODE,STANDARD,UNIT,UNIT_PRICE,LAST_PRICE,DISCOUNT_PRICE,AMOUNT,SURTAX_TYPE,ETC,SEQ,TOTAL_PRICE) values ('20201212pSMGS0101','20201212pSMGS01','mf0003e00401005',null,null,null,5450,0,5,'','',1,27250);
Insert into "dbo".ERP_ESTIMATEDETAIL (ESTIMATEDETAIL_CODE,ESTIMATE_CODE,PRODUCT_CODE,STANDARD,UNIT,UNIT_PRICE,LAST_PRICE,DISCOUNT_PRICE,AMOUNT,SURTAX_TYPE,ETC,SEQ,TOTAL_PRICE) values ('20201212pSMGS0102','20201212pSMGS01','mf0010e00101002',null,null,null,7530,0,3,'','',2,22590);
Insert into "dbo".ERP_ESTIMATEDETAIL (ESTIMATEDETAIL_CODE,ESTIMATE_CODE,PRODUCT_CODE,STANDARD,UNIT,UNIT_PRICE,LAST_PRICE,DISCOUNT_PRICE,AMOUNT,SURTAX_TYPE,ETC,SEQ,TOTAL_PRICE) values ('20201222lSMGS0101','20201222lSMGS01','mf0003e00401005',null,null,null,6000,0,2,'','',1,12000);
Insert into "dbo".ERP_ESTIMATEDETAIL (ESTIMATEDETAIL_CODE,ESTIMATE_CODE,PRODUCT_CODE,STANDARD,UNIT,UNIT_PRICE,LAST_PRICE,DISCOUNT_PRICE,AMOUNT,SURTAX_TYPE,ETC,SEQ,TOTAL_PRICE) values ('20201222lSMGS0102','20201222lSMGS01','mf0010e00101002',null,null,null,7499,0,10,'','',2,74990);
Insert into "dbo".ERP_ESTIMATEDETAIL (ESTIMATEDETAIL_CODE,ESTIMATE_CODE,PRODUCT_CODE,STANDARD,UNIT,UNIT_PRICE,LAST_PRICE,DISCOUNT_PRICE,AMOUNT,SURTAX_TYPE,ETC,SEQ,TOTAL_PRICE) values ('20201212lSMHG0301','20201212lSMHG03','mf0003e00401005',null,null,null,5598,0,5,'','',1,27990);
Insert into "dbo".ERP_ESTIMATEDETAIL (ESTIMATEDETAIL_CODE,ESTIMATE_CODE,PRODUCT_CODE,STANDARD,UNIT,UNIT_PRICE,LAST_PRICE,DISCOUNT_PRICE,AMOUNT,SURTAX_TYPE,ETC,SEQ,TOTAL_PRICE) values ('20201212lSMGS0201','20201212lSMGS02','mf0003e00702001',null,null,null,4950,0,6,'','',1,29700);
Insert into "dbo".ERP_ESTIMATEDETAIL (ESTIMATEDETAIL_CODE,ESTIMATE_CODE,PRODUCT_CODE,STANDARD,UNIT,UNIT_PRICE,LAST_PRICE,DISCOUNT_PRICE,AMOUNT,SURTAX_TYPE,ETC,SEQ,TOTAL_PRICE) values ('20201212lSMGS0101','20201212lSMGS01','mf0003e00401005',null,null,null,5650,0,3,'','',1,16950);
Insert into "dbo".ERP_ESTIMATEDETAIL (ESTIMATEDETAIL_CODE,ESTIMATE_CODE,PRODUCT_CODE,STANDARD,UNIT,UNIT_PRICE,LAST_PRICE,DISCOUNT_PRICE,AMOUNT,SURTAX_TYPE,ETC,SEQ,TOTAL_PRICE) values ('20201229lSOKY0101','20201229lSOKY01','mf0004e00201003',null,null,null,10235,0,1,'','',1,10235);
Insert into "dbo".ERP_ESTIMATEDETAIL (ESTIMATEDETAIL_CODE,ESTIMATE_CODE,PRODUCT_CODE,STANDARD,UNIT,UNIT_PRICE,LAST_PRICE,DISCOUNT_PRICE,AMOUNT,SURTAX_TYPE,ETC,SEQ,TOTAL_PRICE) values ('20201229lSOKY0102','20201229lSOKY01','mf0010e00101002',null,null,null,7530,0,1,'','',2,7530);
Insert into "dbo".ERP_ESTIMATEDETAIL (ESTIMATEDETAIL_CODE,ESTIMATE_CODE,PRODUCT_CODE,STANDARD,UNIT,UNIT_PRICE,LAST_PRICE,DISCOUNT_PRICE,AMOUNT,SURTAX_TYPE,ETC,SEQ,TOTAL_PRICE) values ('20210121lSMGS0101','20210121lSMGS01','mf0003e00702001',null,null,null,4950,0,6,'','',1,29700);
Insert into "dbo".ERP_ESTIMATEDETAIL (ESTIMATEDETAIL_CODE,ESTIMATE_CODE,PRODUCT_CODE,STANDARD,UNIT,UNIT_PRICE,LAST_PRICE,DISCOUNT_PRICE,AMOUNT,SURTAX_TYPE,ETC,SEQ,TOTAL_PRICE) values ('20210121lSMGS0102','20210121lSMGS01','mf0003e00401005',null,null,null,5650,0,5,'','',2,28250);
Insert into "dbo".ERP_ESTIMATEDETAIL (ESTIMATEDETAIL_CODE,ESTIMATE_CODE,PRODUCT_CODE,STANDARD,UNIT,UNIT_PRICE,LAST_PRICE,DISCOUNT_PRICE,AMOUNT,SURTAX_TYPE,ETC,SEQ,TOTAL_PRICE) values ('20201212lSMGS0202','20201212lSMGS02','mf0003e00401005',null,null,null,5650,0,5,'','',2,28250);
Insert into "dbo".ERP_ESTIMATEDETAIL (ESTIMATEDETAIL_CODE,ESTIMATE_CODE,PRODUCT_CODE,STANDARD,UNIT,UNIT_PRICE,LAST_PRICE,DISCOUNT_PRICE,AMOUNT,SURTAX_TYPE,ETC,SEQ,TOTAL_PRICE) values ('20210121lSMGS0103','20210121lSMGS01','mf0010e00101002',null,null,null,7800,0,1,'','',3,5650);
Insert into "dbo".ERP_ESTIMATEDETAIL (ESTIMATEDETAIL_CODE,ESTIMATE_CODE,PRODUCT_CODE,STANDARD,UNIT,UNIT_PRICE,LAST_PRICE,DISCOUNT_PRICE,AMOUNT,SURTAX_TYPE,ETC,SEQ,TOTAL_PRICE) values ('20210126pSMGS0101','20210126pSMGS01','mf0010e00101002',null,null,null,7800,0,1,'','',1,7800);
Insert into "dbo".ERP_ESTIMATEDETAIL (ESTIMATEDETAIL_CODE,ESTIMATE_CODE,PRODUCT_CODE,STANDARD,UNIT,UNIT_PRICE,LAST_PRICE,DISCOUNT_PRICE,AMOUNT,SURTAX_TYPE,ETC,SEQ,TOTAL_PRICE) values ('20210126lSMGS0301','20210126lSMGS03','mf0003e00401005',null,null,null,5650,0,3,'','',1,16950);
Insert into "dbo".ERP_ESTIMATEDETAIL (ESTIMATEDETAIL_CODE,ESTIMATE_CODE,PRODUCT_CODE,STANDARD,UNIT,UNIT_PRICE,LAST_PRICE,DISCOUNT_PRICE,AMOUNT,SURTAX_TYPE,ETC,SEQ,TOTAL_PRICE) values ('20210126lSMGS0302','20210126lSMGS03','mf0010e00101002',null,null,null,7800,0,1,'','',2,7800);
Insert into "dbo".ERP_ESTIMATEDETAIL (ESTIMATEDETAIL_CODE,ESTIMATE_CODE,PRODUCT_CODE,STANDARD,UNIT,UNIT_PRICE,LAST_PRICE,DISCOUNT_PRICE,AMOUNT,SURTAX_TYPE,ETC,SEQ,TOTAL_PRICE) values ('20210126lSMGS0102','20210126lSMGS01','mf0003e00401005',null,null,null,5650,0,5,'','',2,28250);
Insert into "dbo".ERP_ESTIMATEDETAIL (ESTIMATEDETAIL_CODE,ESTIMATE_CODE,PRODUCT_CODE,STANDARD,UNIT,UNIT_PRICE,LAST_PRICE,DISCOUNT_PRICE,AMOUNT,SURTAX_TYPE,ETC,SEQ,TOTAL_PRICE) values ('20210126lSMGS0103','20210126lSMGS01','mf0010e00101002',null,null,null,7800,0,1,'','',3,5650);
Insert into "dbo".ERP_ESTIMATEDETAIL (ESTIMATEDETAIL_CODE,ESTIMATE_CODE,PRODUCT_CODE,STANDARD,UNIT,UNIT_PRICE,LAST_PRICE,DISCOUNT_PRICE,AMOUNT,SURTAX_TYPE,ETC,SEQ,TOTAL_PRICE) values ('20210126lSMGS0104','20210126lSMGS01','mf0003e00702001',null,null,null,4950,0,6,'','',4,29700);
Insert into "dbo".ERP_ESTIMATEDETAIL (ESTIMATEDETAIL_CODE,ESTIMATE_CODE,PRODUCT_CODE,STANDARD,UNIT,UNIT_PRICE,LAST_PRICE,DISCOUNT_PRICE,AMOUNT,SURTAX_TYPE,ETC,SEQ,TOTAL_PRICE) values ('20210126lSMGS0105','20210126lSMGS01','mf0003e00401005',null,null,null,5650,0,5,'','',5,28250);
Insert into "dbo".ERP_ESTIMATEDETAIL (ESTIMATEDETAIL_CODE,ESTIMATE_CODE,PRODUCT_CODE,STANDARD,UNIT,UNIT_PRICE,LAST_PRICE,DISCOUNT_PRICE,AMOUNT,SURTAX_TYPE,ETC,SEQ,TOTAL_PRICE) values ('20210126lSMGS0106','20210126lSMGS01','mf0010e00101002',null,null,null,7800,0,1,'','',6,5650);
Insert into "dbo".ERP_ESTIMATEDETAIL (ESTIMATEDETAIL_CODE,ESTIMATE_CODE,PRODUCT_CODE,STANDARD,UNIT,UNIT_PRICE,LAST_PRICE,DISCOUNT_PRICE,AMOUNT,SURTAX_TYPE,ETC,SEQ,TOTAL_PRICE) values ('20210126lSMGS0107','20210126lSMGS01','mf0003e00702001',null,null,null,4950,0,6,'','',7,29700);
Insert into "dbo".ERP_ESTIMATEDETAIL (ESTIMATEDETAIL_CODE,ESTIMATE_CODE,PRODUCT_CODE,STANDARD,UNIT,UNIT_PRICE,LAST_PRICE,DISCOUNT_PRICE,AMOUNT,SURTAX_TYPE,ETC,SEQ,TOTAL_PRICE) values ('20210126lSMGS0108','20210126lSMGS01','mf0003e00401005',null,null,null,5650,0,5,'','',8,28250);
Insert into "dbo".ERP_ESTIMATEDETAIL (ESTIMATEDETAIL_CODE,ESTIMATE_CODE,PRODUCT_CODE,STANDARD,UNIT,UNIT_PRICE,LAST_PRICE,DISCOUNT_PRICE,AMOUNT,SURTAX_TYPE,ETC,SEQ,TOTAL_PRICE) values ('20210126lSMGS0109','20210126lSMGS01','mf0010e00101002',null,null,null,7800,0,1,'','',9,5650);
Insert into "dbo".ERP_ESTIMATEDETAIL (ESTIMATEDETAIL_CODE,ESTIMATE_CODE,PRODUCT_CODE,STANDARD,UNIT,UNIT_PRICE,LAST_PRICE,DISCOUNT_PRICE,AMOUNT,SURTAX_TYPE,ETC,SEQ,TOTAL_PRICE) values ('20210126lSMGS0110','20210126lSMGS01','mf0003e00702001',null,null,null,4950,0,6,'','',10,29700);
Insert into "dbo".ERP_ESTIMATEDETAIL (ESTIMATEDETAIL_CODE,ESTIMATE_CODE,PRODUCT_CODE,STANDARD,UNIT,UNIT_PRICE,LAST_PRICE,DISCOUNT_PRICE,AMOUNT,SURTAX_TYPE,ETC,SEQ,TOTAL_PRICE) values ('20210126lSMGS0111','20210126lSMGS01','mf0003e00401005',null,null,null,5650,0,5,'','',11,28250);
Insert into "dbo".ERP_ESTIMATEDETAIL (ESTIMATEDETAIL_CODE,ESTIMATE_CODE,PRODUCT_CODE,STANDARD,UNIT,UNIT_PRICE,LAST_PRICE,DISCOUNT_PRICE,AMOUNT,SURTAX_TYPE,ETC,SEQ,TOTAL_PRICE) values ('20210126lSMGS0112','20210126lSMGS01','mf0010e00101002',null,null,null,7800,0,1,'','',12,5650);
Insert into "dbo".ERP_ESTIMATEDETAIL (ESTIMATEDETAIL_CODE,ESTIMATE_CODE,PRODUCT_CODE,STANDARD,UNIT,UNIT_PRICE,LAST_PRICE,DISCOUNT_PRICE,AMOUNT,SURTAX_TYPE,ETC,SEQ,TOTAL_PRICE) values ('20210126lSMGS0113','20210126lSMGS01','mf0003e00702001',null,null,null,4950,0,6,'','',13,29700);
Insert into "dbo".ERP_ESTIMATEDETAIL (ESTIMATEDETAIL_CODE,ESTIMATE_CODE,PRODUCT_CODE,STANDARD,UNIT,UNIT_PRICE,LAST_PRICE,DISCOUNT_PRICE,AMOUNT,SURTAX_TYPE,ETC,SEQ,TOTAL_PRICE) values ('20210126lSMGS0114','20210126lSMGS01','mf0003e00401005',null,null,null,5650,0,5,'','',14,28250);
Insert into "dbo".ERP_ESTIMATEDETAIL (ESTIMATEDETAIL_CODE,ESTIMATE_CODE,PRODUCT_CODE,STANDARD,UNIT,UNIT_PRICE,LAST_PRICE,DISCOUNT_PRICE,AMOUNT,SURTAX_TYPE,ETC,SEQ,TOTAL_PRICE) values ('20210126lSMGS0115','20210126lSMGS01','mf0010e00101002',null,null,null,7800,0,1,'','',15,5650);
Insert into "dbo".ERP_ESTIMATEDETAIL (ESTIMATEDETAIL_CODE,ESTIMATE_CODE,PRODUCT_CODE,STANDARD,UNIT,UNIT_PRICE,LAST_PRICE,DISCOUNT_PRICE,AMOUNT,SURTAX_TYPE,ETC,SEQ,TOTAL_PRICE) values ('20210126lSMGS0116','20210126lSMGS01','mf0003e00702001',null,null,null,4950,0,6,'','',16,29700);
Insert into "dbo".ERP_ESTIMATEDETAIL (ESTIMATEDETAIL_CODE,ESTIMATE_CODE,PRODUCT_CODE,STANDARD,UNIT,UNIT_PRICE,LAST_PRICE,DISCOUNT_PRICE,AMOUNT,SURTAX_TYPE,ETC,SEQ,TOTAL_PRICE) values ('20210126lSMGS0117','20210126lSMGS01','mf0003e00401005',null,null,null,5650,0,5,'','',17,28250);
Insert into "dbo".ERP_ESTIMATEDETAIL (ESTIMATEDETAIL_CODE,ESTIMATE_CODE,PRODUCT_CODE,STANDARD,UNIT,UNIT_PRICE,LAST_PRICE,DISCOUNT_PRICE,AMOUNT,SURTAX_TYPE,ETC,SEQ,TOTAL_PRICE) values ('20210126lSMGS0118','20210126lSMGS01','mf0010e00101002',null,null,null,7800,0,1,'','',18,5650);
Insert into "dbo".ERP_ESTIMATEDETAIL (ESTIMATEDETAIL_CODE,ESTIMATE_CODE,PRODUCT_CODE,STANDARD,UNIT,UNIT_PRICE,LAST_PRICE,DISCOUNT_PRICE,AMOUNT,SURTAX_TYPE,ETC,SEQ,TOTAL_PRICE) values ('20210126lSMGS0119','20210126lSMGS01','mf0003e00702001',null,null,null,4950,0,6,'','',19,29700);
Insert into "dbo".ERP_ESTIMATEDETAIL (ESTIMATEDETAIL_CODE,ESTIMATE_CODE,PRODUCT_CODE,STANDARD,UNIT,UNIT_PRICE,LAST_PRICE,DISCOUNT_PRICE,AMOUNT,SURTAX_TYPE,ETC,SEQ,TOTAL_PRICE) values ('20210126lSMGS0120','20210126lSMGS01','mf0003e00401005',null,null,null,5650,0,5,'','',20,28250);
Insert into "dbo".ERP_ESTIMATEDETAIL (ESTIMATEDETAIL_CODE,ESTIMATE_CODE,PRODUCT_CODE,STANDARD,UNIT,UNIT_PRICE,LAST_PRICE,DISCOUNT_PRICE,AMOUNT,SURTAX_TYPE,ETC,SEQ,TOTAL_PRICE) values ('20210126lSMGS0121','20210126lSMGS01','mf0010e00101002',null,null,null,7800,0,1,'','',21,5650);
Insert into "dbo".ERP_ESTIMATEDETAIL (ESTIMATEDETAIL_CODE,ESTIMATE_CODE,PRODUCT_CODE,STANDARD,UNIT,UNIT_PRICE,LAST_PRICE,DISCOUNT_PRICE,AMOUNT,SURTAX_TYPE,ETC,SEQ,TOTAL_PRICE) values ('20210126lSMGS0122','20210126lSMGS01','mf0003e00702001',null,null,null,4950,0,6,'','',22,29700);
Insert into "dbo".ERP_ESTIMATEDETAIL (ESTIMATEDETAIL_CODE,ESTIMATE_CODE,PRODUCT_CODE,STANDARD,UNIT,UNIT_PRICE,LAST_PRICE,DISCOUNT_PRICE,AMOUNT,SURTAX_TYPE,ETC,SEQ,TOTAL_PRICE) values ('20210126lSMGS0123','20210126lSMGS01','mf0003e00401005',null,null,null,5650,0,5,'','',23,28250);
Insert into "dbo".ERP_ESTIMATEDETAIL (ESTIMATEDETAIL_CODE,ESTIMATE_CODE,PRODUCT_CODE,STANDARD,UNIT,UNIT_PRICE,LAST_PRICE,DISCOUNT_PRICE,AMOUNT,SURTAX_TYPE,ETC,SEQ,TOTAL_PRICE) values ('20210126lSMGS0124','20210126lSMGS01','mf0010e00101002',null,null,null,7800,0,1,'','',24,5650);
Insert into "dbo".ERP_ESTIMATEDETAIL (ESTIMATEDETAIL_CODE,ESTIMATE_CODE,PRODUCT_CODE,STANDARD,UNIT,UNIT_PRICE,LAST_PRICE,DISCOUNT_PRICE,AMOUNT,SURTAX_TYPE,ETC,SEQ,TOTAL_PRICE) values ('20210126lSMGS0125','20210126lSMGS01','mf0003e00702001',null,null,null,4950,0,6,'','',25,29700);
Insert into "dbo".ERP_ESTIMATEDETAIL (ESTIMATEDETAIL_CODE,ESTIMATE_CODE,PRODUCT_CODE,STANDARD,UNIT,UNIT_PRICE,LAST_PRICE,DISCOUNT_PRICE,AMOUNT,SURTAX_TYPE,ETC,SEQ,TOTAL_PRICE) values ('20210126lSMGS0126','20210126lSMGS01','mf0003e00401005',null,null,null,5650,0,5,'','',26,28250);
Insert into "dbo".ERP_ESTIMATEDETAIL (ESTIMATEDETAIL_CODE,ESTIMATE_CODE,PRODUCT_CODE,STANDARD,UNIT,UNIT_PRICE,LAST_PRICE,DISCOUNT_PRICE,AMOUNT,SURTAX_TYPE,ETC,SEQ,TOTAL_PRICE) values ('20210126lSMGS0127','20210126lSMGS01','mf0010e00101002',null,null,null,7800,0,1,'','',27,5650);
Insert into "dbo".ERP_ESTIMATEDETAIL (ESTIMATEDETAIL_CODE,ESTIMATE_CODE,PRODUCT_CODE,STANDARD,UNIT,UNIT_PRICE,LAST_PRICE,DISCOUNT_PRICE,AMOUNT,SURTAX_TYPE,ETC,SEQ,TOTAL_PRICE) values ('20210126lSMGS0128','20210126lSMGS01','mf0003e00702001',null,null,null,4950,0,6,'','',28,29700);
Insert into "dbo".ERP_ESTIMATEDETAIL (ESTIMATEDETAIL_CODE,ESTIMATE_CODE,PRODUCT_CODE,STANDARD,UNIT,UNIT_PRICE,LAST_PRICE,DISCOUNT_PRICE,AMOUNT,SURTAX_TYPE,ETC,SEQ,TOTAL_PRICE) values ('20210126lSMGS0129','20210126lSMGS01','mf0003e00401005',null,null,null,5650,0,5,'','',29,28250);
Insert into "dbo".ERP_ESTIMATEDETAIL (ESTIMATEDETAIL_CODE,ESTIMATE_CODE,PRODUCT_CODE,STANDARD,UNIT,UNIT_PRICE,LAST_PRICE,DISCOUNT_PRICE,AMOUNT,SURTAX_TYPE,ETC,SEQ,TOTAL_PRICE) values ('20210126lSMGS0130','20210126lSMGS01','mf0010e00101002',null,null,null,7800,0,1,'','',30,5650);
Insert into "dbo".ERP_ESTIMATEDETAIL (ESTIMATEDETAIL_CODE,ESTIMATE_CODE,PRODUCT_CODE,STANDARD,UNIT,UNIT_PRICE,LAST_PRICE,DISCOUNT_PRICE,AMOUNT,SURTAX_TYPE,ETC,SEQ,TOTAL_PRICE) values ('20210126lSMGS0131','20210126lSMGS01','mf0003e00702001',null,null,null,4950,0,6,'','',31,29700);
Insert into "dbo".ERP_ESTIMATEDETAIL (ESTIMATEDETAIL_CODE,ESTIMATE_CODE,PRODUCT_CODE,STANDARD,UNIT,UNIT_PRICE,LAST_PRICE,DISCOUNT_PRICE,AMOUNT,SURTAX_TYPE,ETC,SEQ,TOTAL_PRICE) values ('20210126lSMGS0132','20210126lSMGS01','mf0003e00401005',null,null,null,5650,0,5,'','',32,28250);
Insert into "dbo".ERP_ESTIMATEDETAIL (ESTIMATEDETAIL_CODE,ESTIMATE_CODE,PRODUCT_CODE,STANDARD,UNIT,UNIT_PRICE,LAST_PRICE,DISCOUNT_PRICE,AMOUNT,SURTAX_TYPE,ETC,SEQ,TOTAL_PRICE) values ('20210126lSMGS0133','20210126lSMGS01','mf0010e00101002',null,null,null,7800,0,1,'','',33,5650);
Insert into "dbo".ERP_ESTIMATEDETAIL (ESTIMATEDETAIL_CODE,ESTIMATE_CODE,PRODUCT_CODE,STANDARD,UNIT,UNIT_PRICE,LAST_PRICE,DISCOUNT_PRICE,AMOUNT,SURTAX_TYPE,ETC,SEQ,TOTAL_PRICE) values ('20210126lSMGS0134','20210126lSMGS01','mf0003e00702001',null,null,null,4950,0,6,'','',34,29700);
Insert into "dbo".ERP_ESTIMATEDETAIL (ESTIMATEDETAIL_CODE,ESTIMATE_CODE,PRODUCT_CODE,STANDARD,UNIT,UNIT_PRICE,LAST_PRICE,DISCOUNT_PRICE,AMOUNT,SURTAX_TYPE,ETC,SEQ,TOTAL_PRICE) values ('20210126lSMGS0135','20210126lSMGS01','mf0003e00401005',null,null,null,5650,0,5,'','',35,28250);
Insert into "dbo".ERP_ESTIMATEDETAIL (ESTIMATEDETAIL_CODE,ESTIMATE_CODE,PRODUCT_CODE,STANDARD,UNIT,UNIT_PRICE,LAST_PRICE,DISCOUNT_PRICE,AMOUNT,SURTAX_TYPE,ETC,SEQ,TOTAL_PRICE) values ('20210126lSMGS0136','20210126lSMGS01','mf0010e00101002',null,null,null,7800,0,1,'','',36,5650);
Insert into "dbo".ERP_ESTIMATEDETAIL (ESTIMATEDETAIL_CODE,ESTIMATE_CODE,PRODUCT_CODE,STANDARD,UNIT,UNIT_PRICE,LAST_PRICE,DISCOUNT_PRICE,AMOUNT,SURTAX_TYPE,ETC,SEQ,TOTAL_PRICE) values ('20210126lSMGS0137','20210126lSMGS01','mf0003e00702001',null,null,null,4950,0,6,'','',37,29700);
Insert into "dbo".ERP_ESTIMATEDETAIL (ESTIMATEDETAIL_CODE,ESTIMATE_CODE,PRODUCT_CODE,STANDARD,UNIT,UNIT_PRICE,LAST_PRICE,DISCOUNT_PRICE,AMOUNT,SURTAX_TYPE,ETC,SEQ,TOTAL_PRICE) values ('20210126lSMGS0138','20210126lSMGS01','mf0003e00401005',null,null,null,5650,0,5,'','',38,28250);
Insert into "dbo".ERP_ESTIMATEDETAIL (ESTIMATEDETAIL_CODE,ESTIMATE_CODE,PRODUCT_CODE,STANDARD,UNIT,UNIT_PRICE,LAST_PRICE,DISCOUNT_PRICE,AMOUNT,SURTAX_TYPE,ETC,SEQ,TOTAL_PRICE) values ('20210126lSMGS0139','20210126lSMGS01','mf0010e00101002',null,null,null,7800,0,1,'','',39,5650);
Insert into "dbo".ERP_ESTIMATEDETAIL (ESTIMATEDETAIL_CODE,ESTIMATE_CODE,PRODUCT_CODE,STANDARD,UNIT,UNIT_PRICE,LAST_PRICE,DISCOUNT_PRICE,AMOUNT,SURTAX_TYPE,ETC,SEQ,TOTAL_PRICE) values ('20210126lSMGS0140','20210126lSMGS01','mf0003e00702001',null,null,null,4950,0,6,'','',40,29700);
Insert into "dbo".ERP_ESTIMATEDETAIL (ESTIMATEDETAIL_CODE,ESTIMATE_CODE,PRODUCT_CODE,STANDARD,UNIT,UNIT_PRICE,LAST_PRICE,DISCOUNT_PRICE,AMOUNT,SURTAX_TYPE,ETC,SEQ,TOTAL_PRICE) values ('20210126lSMGS0141','20210126lSMGS01','mf0003e00401005',null,null,null,5650,0,5,'','',41,28250);
Insert into "dbo".ERP_ESTIMATEDETAIL (ESTIMATEDETAIL_CODE,ESTIMATE_CODE,PRODUCT_CODE,STANDARD,UNIT,UNIT_PRICE,LAST_PRICE,DISCOUNT_PRICE,AMOUNT,SURTAX_TYPE,ETC,SEQ,TOTAL_PRICE) values ('20210126lSMGS0142','20210126lSMGS01','mf0010e00101002',null,null,null,7800,0,1,'','',42,5650);
Insert into "dbo".ERP_ESTIMATEDETAIL (ESTIMATEDETAIL_CODE,ESTIMATE_CODE,PRODUCT_CODE,STANDARD,UNIT,UNIT_PRICE,LAST_PRICE,DISCOUNT_PRICE,AMOUNT,SURTAX_TYPE,ETC,SEQ,TOTAL_PRICE) values ('20210126lSMGS0143','20210126lSMGS01','mf0003e00702001',null,null,null,4950,0,6,'','',43,29700);
Insert into "dbo".ERP_ESTIMATEDETAIL (ESTIMATEDETAIL_CODE,ESTIMATE_CODE,PRODUCT_CODE,STANDARD,UNIT,UNIT_PRICE,LAST_PRICE,DISCOUNT_PRICE,AMOUNT,SURTAX_TYPE,ETC,SEQ,TOTAL_PRICE) values ('20210126lSMGS0144','20210126lSMGS01','mf0003e00401005',null,null,null,5650,0,5,'','',44,28250);
Insert into "dbo".ERP_ESTIMATEDETAIL (ESTIMATEDETAIL_CODE,ESTIMATE_CODE,PRODUCT_CODE,STANDARD,UNIT,UNIT_PRICE,LAST_PRICE,DISCOUNT_PRICE,AMOUNT,SURTAX_TYPE,ETC,SEQ,TOTAL_PRICE) values ('20210126lSMGS0145','20210126lSMGS01','mf0010e00101002',null,null,null,7800,0,1,'','',45,5650);
Insert into "dbo".ERP_ESTIMATEDETAIL (ESTIMATEDETAIL_CODE,ESTIMATE_CODE,PRODUCT_CODE,STANDARD,UNIT,UNIT_PRICE,LAST_PRICE,DISCOUNT_PRICE,AMOUNT,SURTAX_TYPE,ETC,SEQ,TOTAL_PRICE) values ('20210126lSMGS0146','20210126lSMGS01','mf0003e00702001',null,null,null,4950,0,6,'','',46,29700);
Insert into "dbo".ERP_ESTIMATEDETAIL (ESTIMATEDETAIL_CODE,ESTIMATE_CODE,PRODUCT_CODE,STANDARD,UNIT,UNIT_PRICE,LAST_PRICE,DISCOUNT_PRICE,AMOUNT,SURTAX_TYPE,ETC,SEQ,TOTAL_PRICE) values ('20210126lSMGS0147','20210126lSMGS01','mf0003e00401005',null,null,null,5650,0,5,'','',47,28250);
Insert into "dbo".ERP_ESTIMATEDETAIL (ESTIMATEDETAIL_CODE,ESTIMATE_CODE,PRODUCT_CODE,STANDARD,UNIT,UNIT_PRICE,LAST_PRICE,DISCOUNT_PRICE,AMOUNT,SURTAX_TYPE,ETC,SEQ,TOTAL_PRICE) values ('20210126lSMGS0148','20210126lSMGS01','mf0010e00101002',null,null,null,7800,0,1,'','',48,5650);
Insert into "dbo".ERP_ESTIMATEDETAIL (ESTIMATEDETAIL_CODE,ESTIMATE_CODE,PRODUCT_CODE,STANDARD,UNIT,UNIT_PRICE,LAST_PRICE,DISCOUNT_PRICE,AMOUNT,SURTAX_TYPE,ETC,SEQ,TOTAL_PRICE) values ('20210126lSMGS0149','20210126lSMGS01','mf0003e00702001',null,null,null,4950,0,6,'','',49,29700);
Insert into "dbo".ERP_ESTIMATEDETAIL (ESTIMATEDETAIL_CODE,ESTIMATE_CODE,PRODUCT_CODE,STANDARD,UNIT,UNIT_PRICE,LAST_PRICE,DISCOUNT_PRICE,AMOUNT,SURTAX_TYPE,ETC,SEQ,TOTAL_PRICE) values ('20210126lSMGS0150','20210126lSMGS01','mf0003e00401005',null,null,null,5650,0,5,'','',50,28250);
Insert into "dbo".ERP_ESTIMATEDETAIL (ESTIMATEDETAIL_CODE,ESTIMATE_CODE,PRODUCT_CODE,STANDARD,UNIT,UNIT_PRICE,LAST_PRICE,DISCOUNT_PRICE,AMOUNT,SURTAX_TYPE,ETC,SEQ,TOTAL_PRICE) values ('20210126lSMGS0151','20210126lSMGS01','mf0010e00101002',null,null,null,7800,0,1,'','',51,5650);
Insert into "dbo".ERP_ESTIMATEDETAIL (ESTIMATEDETAIL_CODE,ESTIMATE_CODE,PRODUCT_CODE,STANDARD,UNIT,UNIT_PRICE,LAST_PRICE,DISCOUNT_PRICE,AMOUNT,SURTAX_TYPE,ETC,SEQ,TOTAL_PRICE) values ('20210126lSMGS0152','20210126lSMGS01','mf0003e00702001',null,null,null,4950,0,6,'','',52,29700);
Insert into "dbo".ERP_ESTIMATEDETAIL (ESTIMATEDETAIL_CODE,ESTIMATE_CODE,PRODUCT_CODE,STANDARD,UNIT,UNIT_PRICE,LAST_PRICE,DISCOUNT_PRICE,AMOUNT,SURTAX_TYPE,ETC,SEQ,TOTAL_PRICE) values ('20210126lSMGS0153','20210126lSMGS01','mf0003e00401005',null,null,null,5650,0,5,'','',53,28250);
Insert into "dbo".ERP_ESTIMATEDETAIL (ESTIMATEDETAIL_CODE,ESTIMATE_CODE,PRODUCT_CODE,STANDARD,UNIT,UNIT_PRICE,LAST_PRICE,DISCOUNT_PRICE,AMOUNT,SURTAX_TYPE,ETC,SEQ,TOTAL_PRICE) values ('20210126lSMGS0154','20210126lSMGS01','mf0010e00101002',null,null,null,7800,0,1,'','',54,5650);
Insert into "dbo".ERP_ESTIMATEDETAIL (ESTIMATEDETAIL_CODE,ESTIMATE_CODE,PRODUCT_CODE,STANDARD,UNIT,UNIT_PRICE,LAST_PRICE,DISCOUNT_PRICE,AMOUNT,SURTAX_TYPE,ETC,SEQ,TOTAL_PRICE) values ('20210126lSMGS0155','20210126lSMGS01','mf0003e00702001',null,null,null,4950,0,6,'','',55,29700);
Insert into "dbo".ERP_ESTIMATEDETAIL (ESTIMATEDETAIL_CODE,ESTIMATE_CODE,PRODUCT_CODE,STANDARD,UNIT,UNIT_PRICE,LAST_PRICE,DISCOUNT_PRICE,AMOUNT,SURTAX_TYPE,ETC,SEQ,TOTAL_PRICE) values ('20210126lSMGS0156','20210126lSMGS01','mf0003e00401005',null,null,null,5650,0,5,'','',56,28250);
Insert into "dbo".ERP_ESTIMATEDETAIL (ESTIMATEDETAIL_CODE,ESTIMATE_CODE,PRODUCT_CODE,STANDARD,UNIT,UNIT_PRICE,LAST_PRICE,DISCOUNT_PRICE,AMOUNT,SURTAX_TYPE,ETC,SEQ,TOTAL_PRICE) values ('20201222lSMGS0103','20201222lSMGS01','mf0004e00201003',null,null,null,10235,0,1,'','',3,10235);
Insert into "dbo".ERP_ESTIMATEDETAIL (ESTIMATEDETAIL_CODE,ESTIMATE_CODE,PRODUCT_CODE,STANDARD,UNIT,UNIT_PRICE,LAST_PRICE,DISCOUNT_PRICE,AMOUNT,SURTAX_TYPE,ETC,SEQ,TOTAL_PRICE) values ('20201222lSMGS0104','20201222lSMGS01','mf0010e00101002',null,null,null,7530,0,1,'','',4,5650);
Insert into "dbo".ERP_ESTIMATEDETAIL (ESTIMATEDETAIL_CODE,ESTIMATE_CODE,PRODUCT_CODE,STANDARD,UNIT,UNIT_PRICE,LAST_PRICE,DISCOUNT_PRICE,AMOUNT,SURTAX_TYPE,ETC,SEQ,TOTAL_PRICE) values ('20201222lSMGS0105','20201222lSMGS01','mf0003e00401005',null,null,null,5650,0,1,'','',5,5650);
Insert into "dbo".ERP_ESTIMATEDETAIL (ESTIMATEDETAIL_CODE,ESTIMATE_CODE,PRODUCT_CODE,STANDARD,UNIT,UNIT_PRICE,LAST_PRICE,DISCOUNT_PRICE,AMOUNT,SURTAX_TYPE,ETC,SEQ,TOTAL_PRICE) values ('20201228lSMIM0101','20201228lSMIM01','mf0010e00101002',null,null,null,7530,0,5,'','',1,37650);
Insert into "dbo".ERP_ESTIMATEDETAIL (ESTIMATEDETAIL_CODE,ESTIMATE_CODE,PRODUCT_CODE,STANDARD,UNIT,UNIT_PRICE,LAST_PRICE,DISCOUNT_PRICE,AMOUNT,SURTAX_TYPE,ETC,SEQ,TOTAL_PRICE) values ('20201228lSMIM0102','20201228lSMIM01','mf0003e00702001',null,null,null,4850,0,5,'','',2,24250);
Insert into "dbo".ERP_ESTIMATEDETAIL (ESTIMATEDETAIL_CODE,ESTIMATE_CODE,PRODUCT_CODE,STANDARD,UNIT,UNIT_PRICE,LAST_PRICE,DISCOUNT_PRICE,AMOUNT,SURTAX_TYPE,ETC,SEQ,TOTAL_PRICE) values ('20201212lSMGS0203','20201212lSMGS02','mf0010e00101002',null,null,null,7800,0,1,'','',3,5650);
Insert into "dbo".ERP_ESTIMATEDETAIL (ESTIMATEDETAIL_CODE,ESTIMATE_CODE,PRODUCT_CODE,STANDARD,UNIT,UNIT_PRICE,LAST_PRICE,DISCOUNT_PRICE,AMOUNT,SURTAX_TYPE,ETC,SEQ,TOTAL_PRICE) values ('20201228lSDWM0001','20201228lSDWM00','mf0010e00101002',null,null,null,7530,0,5,'','',1,37650);
Insert into "dbo".ERP_ESTIMATEDETAIL (ESTIMATEDETAIL_CODE,ESTIMATE_CODE,PRODUCT_CODE,STANDARD,UNIT,UNIT_PRICE,LAST_PRICE,DISCOUNT_PRICE,AMOUNT,SURTAX_TYPE,ETC,SEQ,TOTAL_PRICE) values ('20201228pSDWM0101','20201228pSDWM01','mf0003e00401005',null,null,null,5650,0,15,'','',1,84750);
Insert into "dbo".ERP_ESTIMATEDETAIL (ESTIMATEDETAIL_CODE,ESTIMATE_CODE,PRODUCT_CODE,STANDARD,UNIT,UNIT_PRICE,LAST_PRICE,DISCOUNT_PRICE,AMOUNT,SURTAX_TYPE,ETC,SEQ,TOTAL_PRICE) values ('20210126lSMGS0157','20210126lSMGS01','mf0010e00101002',null,null,null,7800,0,1,'','',57,5650);
Insert into "dbo".ERP_ESTIMATEDETAIL (ESTIMATEDETAIL_CODE,ESTIMATE_CODE,PRODUCT_CODE,STANDARD,UNIT,UNIT_PRICE,LAST_PRICE,DISCOUNT_PRICE,AMOUNT,SURTAX_TYPE,ETC,SEQ,TOTAL_PRICE) values ('20210126lSMGS0158','20210126lSMGS01','mf0003e00702001',null,null,null,4950,0,6,'','',58,29700);
Insert into "dbo".ERP_ESTIMATEDETAIL (ESTIMATEDETAIL_CODE,ESTIMATE_CODE,PRODUCT_CODE,STANDARD,UNIT,UNIT_PRICE,LAST_PRICE,DISCOUNT_PRICE,AMOUNT,SURTAX_TYPE,ETC,SEQ,TOTAL_PRICE) values ('20210126lSMGS0159','20210126lSMGS01','mf0003e00401005',null,null,null,5650,0,5,'','',59,28250);
Insert into "dbo".ERP_ESTIMATEDETAIL (ESTIMATEDETAIL_CODE,ESTIMATE_CODE,PRODUCT_CODE,STANDARD,UNIT,UNIT_PRICE,LAST_PRICE,DISCOUNT_PRICE,AMOUNT,SURTAX_TYPE,ETC,SEQ,TOTAL_PRICE) values ('20210126lSMGS0160','20210126lSMGS01','mf0010e00101002',null,null,null,7800,0,1,'','',60,5650);
Insert into "dbo".ERP_ESTIMATEDETAIL (ESTIMATEDETAIL_CODE,ESTIMATE_CODE,PRODUCT_CODE,STANDARD,UNIT,UNIT_PRICE,LAST_PRICE,DISCOUNT_PRICE,AMOUNT,SURTAX_TYPE,ETC,SEQ,TOTAL_PRICE) values ('20210126lSMGS0161','20210126lSMGS01','mf0003e00702001',null,null,null,4950,0,6,'','',61,29700);
Insert into "dbo".ERP_ESTIMATEDETAIL (ESTIMATEDETAIL_CODE,ESTIMATE_CODE,PRODUCT_CODE,STANDARD,UNIT,UNIT_PRICE,LAST_PRICE,DISCOUNT_PRICE,AMOUNT,SURTAX_TYPE,ETC,SEQ,TOTAL_PRICE) values ('20210126lSMGS0162','20210126lSMGS01','mf0003e00401005',null,null,null,5650,0,5,'','',62,28250);
Insert into "dbo".ERP_ESTIMATEDETAIL (ESTIMATEDETAIL_CODE,ESTIMATE_CODE,PRODUCT_CODE,STANDARD,UNIT,UNIT_PRICE,LAST_PRICE,DISCOUNT_PRICE,AMOUNT,SURTAX_TYPE,ETC,SEQ,TOTAL_PRICE) values ('20210126lSMGS0163','20210126lSMGS01','mf0010e00101002',null,null,null,7800,0,1,'','',63,5650);
Insert into "dbo".ERP_ESTIMATEDETAIL (ESTIMATEDETAIL_CODE,ESTIMATE_CODE,PRODUCT_CODE,STANDARD,UNIT,UNIT_PRICE,LAST_PRICE,DISCOUNT_PRICE,AMOUNT,SURTAX_TYPE,ETC,SEQ,TOTAL_PRICE) values ('20210126lSMGS0164','20210126lSMGS01','mf0003e00702001',null,null,null,4950,0,6,'','',64,29700);
Insert into "dbo".ERP_ESTIMATEDETAIL (ESTIMATEDETAIL_CODE,ESTIMATE_CODE,PRODUCT_CODE,STANDARD,UNIT,UNIT_PRICE,LAST_PRICE,DISCOUNT_PRICE,AMOUNT,SURTAX_TYPE,ETC,SEQ,TOTAL_PRICE) values ('20210126lSMGS0165','20210126lSMGS01','mf0003e00401005',null,null,null,5650,0,5,'','',65,28250);
Insert into "dbo".ERP_ESTIMATEDETAIL (ESTIMATEDETAIL_CODE,ESTIMATE_CODE,PRODUCT_CODE,STANDARD,UNIT,UNIT_PRICE,LAST_PRICE,DISCOUNT_PRICE,AMOUNT,SURTAX_TYPE,ETC,SEQ,TOTAL_PRICE) values ('20210126lSMGS0166','20210126lSMGS01','mf0010e00101002',null,null,null,7800,0,1,'','',66,5650);
Insert into "dbo".ERP_ESTIMATEDETAIL (ESTIMATEDETAIL_CODE,ESTIMATE_CODE,PRODUCT_CODE,STANDARD,UNIT,UNIT_PRICE,LAST_PRICE,DISCOUNT_PRICE,AMOUNT,SURTAX_TYPE,ETC,SEQ,TOTAL_PRICE) values ('20210126lSMGS0167','20210126lSMGS01','mf0003e00702001',null,null,null,4950,0,6,'','',67,29700);
Insert into "dbo".ERP_ESTIMATEDETAIL (ESTIMATEDETAIL_CODE,ESTIMATE_CODE,PRODUCT_CODE,STANDARD,UNIT,UNIT_PRICE,LAST_PRICE,DISCOUNT_PRICE,AMOUNT,SURTAX_TYPE,ETC,SEQ,TOTAL_PRICE) values ('20210126lSMGS0168','20210126lSMGS01','mf0003e00401005',null,null,null,5650,0,5,'','',68,28250);
Insert into "dbo".ERP_ESTIMATEDETAIL (ESTIMATEDETAIL_CODE,ESTIMATE_CODE,PRODUCT_CODE,STANDARD,UNIT,UNIT_PRICE,LAST_PRICE,DISCOUNT_PRICE,AMOUNT,SURTAX_TYPE,ETC,SEQ,TOTAL_PRICE) values ('20210126lSMGS0169','20210126lSMGS01','mf0010e00101002',null,null,null,7800,0,1,'','',69,5650);
Insert into "dbo".ERP_ESTIMATEDETAIL (ESTIMATEDETAIL_CODE,ESTIMATE_CODE,PRODUCT_CODE,STANDARD,UNIT,UNIT_PRICE,LAST_PRICE,DISCOUNT_PRICE,AMOUNT,SURTAX_TYPE,ETC,SEQ,TOTAL_PRICE) values ('20210126lSMGS0170','20210126lSMGS01','mf0003e00702001',null,null,null,4950,0,6,'','',70,29700);
Insert into "dbo".ERP_ESTIMATEDETAIL (ESTIMATEDETAIL_CODE,ESTIMATE_CODE,PRODUCT_CODE,STANDARD,UNIT,UNIT_PRICE,LAST_PRICE,DISCOUNT_PRICE,AMOUNT,SURTAX_TYPE,ETC,SEQ,TOTAL_PRICE) values ('20210126lSMGS0171','20210126lSMGS01','mf0003e00401005',null,null,null,5650,0,5,'','',71,28250);
Insert into "dbo".ERP_ESTIMATEDETAIL (ESTIMATEDETAIL_CODE,ESTIMATE_CODE,PRODUCT_CODE,STANDARD,UNIT,UNIT_PRICE,LAST_PRICE,DISCOUNT_PRICE,AMOUNT,SURTAX_TYPE,ETC,SEQ,TOTAL_PRICE) values ('20210126lSMGS0172','20210126lSMGS01','mf0010e00101002',null,null,null,7800,0,1,'','',72,5650);
Insert into "dbo".ERP_ESTIMATEDETAIL (ESTIMATEDETAIL_CODE,ESTIMATE_CODE,PRODUCT_CODE,STANDARD,UNIT,UNIT_PRICE,LAST_PRICE,DISCOUNT_PRICE,AMOUNT,SURTAX_TYPE,ETC,SEQ,TOTAL_PRICE) values ('20210126lSMGS0173','20210126lSMGS01','mf0003e00702001',null,null,null,4950,0,6,'','',73,29700);
Insert into "dbo".ERP_ESTIMATEDETAIL (ESTIMATEDETAIL_CODE,ESTIMATE_CODE,PRODUCT_CODE,STANDARD,UNIT,UNIT_PRICE,LAST_PRICE,DISCOUNT_PRICE,AMOUNT,SURTAX_TYPE,ETC,SEQ,TOTAL_PRICE) values ('20210126lSMGS0174','20210126lSMGS01','mf0003e00401005',null,null,null,5650,0,5,'','',74,28250);
Insert into "dbo".ERP_ESTIMATEDETAIL (ESTIMATEDETAIL_CODE,ESTIMATE_CODE,PRODUCT_CODE,STANDARD,UNIT,UNIT_PRICE,LAST_PRICE,DISCOUNT_PRICE,AMOUNT,SURTAX_TYPE,ETC,SEQ,TOTAL_PRICE) values ('20210126lSMGS0175','20210126lSMGS01','mf0010e00101002',null,null,null,7800,0,1,'','',75,5650);
Insert into "dbo".ERP_ESTIMATEDETAIL (ESTIMATEDETAIL_CODE,ESTIMATE_CODE,PRODUCT_CODE,STANDARD,UNIT,UNIT_PRICE,LAST_PRICE,DISCOUNT_PRICE,AMOUNT,SURTAX_TYPE,ETC,SEQ,TOTAL_PRICE) values ('20210126lSMGS0176','20210126lSMGS01','mf0003e00702001',null,null,null,4950,0,6,'','',76,29700);
Insert into "dbo".ERP_ESTIMATEDETAIL (ESTIMATEDETAIL_CODE,ESTIMATE_CODE,PRODUCT_CODE,STANDARD,UNIT,UNIT_PRICE,LAST_PRICE,DISCOUNT_PRICE,AMOUNT,SURTAX_TYPE,ETC,SEQ,TOTAL_PRICE) values ('20210126lSMGS0177','20210126lSMGS01','mf0003e00401005',null,null,null,5650,0,5,'','',77,28250);
Insert into "dbo".ERP_ESTIMATEDETAIL (ESTIMATEDETAIL_CODE,ESTIMATE_CODE,PRODUCT_CODE,STANDARD,UNIT,UNIT_PRICE,LAST_PRICE,DISCOUNT_PRICE,AMOUNT,SURTAX_TYPE,ETC,SEQ,TOTAL_PRICE) values ('20210126lSMGS0178','20210126lSMGS01','mf0010e00101002',null,null,null,7800,0,1,'','',78,5650);
Insert into "dbo".ERP_ESTIMATEDETAIL (ESTIMATEDETAIL_CODE,ESTIMATE_CODE,PRODUCT_CODE,STANDARD,UNIT,UNIT_PRICE,LAST_PRICE,DISCOUNT_PRICE,AMOUNT,SURTAX_TYPE,ETC,SEQ,TOTAL_PRICE) values ('20210126lSMGS0179','20210126lSMGS01','mf0003e00702001',null,null,null,4950,0,6,'','',79,29700);
Insert into "dbo".ERP_ESTIMATEDETAIL (ESTIMATEDETAIL_CODE,ESTIMATE_CODE,PRODUCT_CODE,STANDARD,UNIT,UNIT_PRICE,LAST_PRICE,DISCOUNT_PRICE,AMOUNT,SURTAX_TYPE,ETC,SEQ,TOTAL_PRICE) values ('20210126lSMGS0180','20210126lSMGS01','mf0003e00401005',null,null,null,5650,0,5,'','',80,28250);
Insert into "dbo".ERP_ESTIMATEDETAIL (ESTIMATEDETAIL_CODE,ESTIMATE_CODE,PRODUCT_CODE,STANDARD,UNIT,UNIT_PRICE,LAST_PRICE,DISCOUNT_PRICE,AMOUNT,SURTAX_TYPE,ETC,SEQ,TOTAL_PRICE) values ('20210126lSMGS0181','20210126lSMGS01','mf0010e00101002',null,null,null,7800,0,1,'','',81,5650);
Insert into "dbo".ERP_ESTIMATEDETAIL (ESTIMATEDETAIL_CODE,ESTIMATE_CODE,PRODUCT_CODE,STANDARD,UNIT,UNIT_PRICE,LAST_PRICE,DISCOUNT_PRICE,AMOUNT,SURTAX_TYPE,ETC,SEQ,TOTAL_PRICE) values ('20210126lSMGS0182','20210126lSMGS01','mf0003e00702001',null,null,null,4950,0,6,'','',82,29700);
Insert into "dbo".ERP_ESTIMATEDETAIL (ESTIMATEDETAIL_CODE,ESTIMATE_CODE,PRODUCT_CODE,STANDARD,UNIT,UNIT_PRICE,LAST_PRICE,DISCOUNT_PRICE,AMOUNT,SURTAX_TYPE,ETC,SEQ,TOTAL_PRICE) values ('20210126lSMGS0183','20210126lSMGS01','mf0003e00401005',null,null,null,5650,0,5,'','',83,28250);
Insert into "dbo".ERP_ESTIMATEDETAIL (ESTIMATEDETAIL_CODE,ESTIMATE_CODE,PRODUCT_CODE,STANDARD,UNIT,UNIT_PRICE,LAST_PRICE,DISCOUNT_PRICE,AMOUNT,SURTAX_TYPE,ETC,SEQ,TOTAL_PRICE) values ('20210126lSMGS0184','20210126lSMGS01','mf0010e00101002',null,null,null,7800,0,1,'','',84,5650);
Insert into "dbo".ERP_ESTIMATEDETAIL (ESTIMATEDETAIL_CODE,ESTIMATE_CODE,PRODUCT_CODE,STANDARD,UNIT,UNIT_PRICE,LAST_PRICE,DISCOUNT_PRICE,AMOUNT,SURTAX_TYPE,ETC,SEQ,TOTAL_PRICE) values ('20210126lSMGS0185','20210126lSMGS01','mf0003e00702001',null,null,null,4950,0,6,'','',85,29700);
Insert into "dbo".ERP_ESTIMATEDETAIL (ESTIMATEDETAIL_CODE,ESTIMATE_CODE,PRODUCT_CODE,STANDARD,UNIT,UNIT_PRICE,LAST_PRICE,DISCOUNT_PRICE,AMOUNT,SURTAX_TYPE,ETC,SEQ,TOTAL_PRICE) values ('20210126lSMGS0186','20210126lSMGS01','mf0003e00401005',null,null,null,5650,0,5,'','',86,28250);
Insert into "dbo".ERP_ESTIMATEDETAIL (ESTIMATEDETAIL_CODE,ESTIMATE_CODE,PRODUCT_CODE,STANDARD,UNIT,UNIT_PRICE,LAST_PRICE,DISCOUNT_PRICE,AMOUNT,SURTAX_TYPE,ETC,SEQ,TOTAL_PRICE) values ('20210126lSMGS0187','20210126lSMGS01','mf0010e00101002',null,null,null,7800,0,1,'','',87,5650);
Insert into "dbo".ERP_ESTIMATEDETAIL (ESTIMATEDETAIL_CODE,ESTIMATE_CODE,PRODUCT_CODE,STANDARD,UNIT,UNIT_PRICE,LAST_PRICE,DISCOUNT_PRICE,AMOUNT,SURTAX_TYPE,ETC,SEQ,TOTAL_PRICE) values ('20210126lSMGS0188','20210126lSMGS01','mf0003e00702001',null,null,null,4950,0,6,'','',88,29700);
Insert into "dbo".ERP_ESTIMATEDETAIL (ESTIMATEDETAIL_CODE,ESTIMATE_CODE,PRODUCT_CODE,STANDARD,UNIT,UNIT_PRICE,LAST_PRICE,DISCOUNT_PRICE,AMOUNT,SURTAX_TYPE,ETC,SEQ,TOTAL_PRICE) values ('20210126lSMGS0189','20210126lSMGS01','mf0003e00401005',null,null,null,5650,0,5,'','',89,28250);
Insert into "dbo".ERP_ESTIMATEDETAIL (ESTIMATEDETAIL_CODE,ESTIMATE_CODE,PRODUCT_CODE,STANDARD,UNIT,UNIT_PRICE,LAST_PRICE,DISCOUNT_PRICE,AMOUNT,SURTAX_TYPE,ETC,SEQ,TOTAL_PRICE) values ('20210126lSMGS0190','20210126lSMGS01','mf0010e00101002',null,null,null,7800,0,1,'','',90,5650);
Insert into "dbo".ERP_ESTIMATEDETAIL (ESTIMATEDETAIL_CODE,ESTIMATE_CODE,PRODUCT_CODE,STANDARD,UNIT,UNIT_PRICE,LAST_PRICE,DISCOUNT_PRICE,AMOUNT,SURTAX_TYPE,ETC,SEQ,TOTAL_PRICE) values ('20210126lSMGS0191','20210126lSMGS01','mf0003e00702001',null,null,null,4950,0,6,'','',91,29700);
Insert into "dbo".ERP_ESTIMATEDETAIL (ESTIMATEDETAIL_CODE,ESTIMATE_CODE,PRODUCT_CODE,STANDARD,UNIT,UNIT_PRICE,LAST_PRICE,DISCOUNT_PRICE,AMOUNT,SURTAX_TYPE,ETC,SEQ,TOTAL_PRICE) values ('20210126lSMGS0192','20210126lSMGS01','mf0003e00401005',null,null,null,5650,0,5,'','',92,28250);
Insert into "dbo".ERP_ESTIMATEDETAIL (ESTIMATEDETAIL_CODE,ESTIMATE_CODE,PRODUCT_CODE,STANDARD,UNIT,UNIT_PRICE,LAST_PRICE,DISCOUNT_PRICE,AMOUNT,SURTAX_TYPE,ETC,SEQ,TOTAL_PRICE) values ('20210126lSMGS0193','20210126lSMGS01','mf0010e00101002',null,null,null,7800,0,1,'','',93,5650);
Insert into "dbo".ERP_ESTIMATEDETAIL (ESTIMATEDETAIL_CODE,ESTIMATE_CODE,PRODUCT_CODE,STANDARD,UNIT,UNIT_PRICE,LAST_PRICE,DISCOUNT_PRICE,AMOUNT,SURTAX_TYPE,ETC,SEQ,TOTAL_PRICE) values ('20210126lSMGS0194','20210126lSMGS01','mf0003e00702001',null,null,null,4950,0,6,'','',94,29700);
Insert into "dbo".ERP_ESTIMATEDETAIL (ESTIMATEDETAIL_CODE,ESTIMATE_CODE,PRODUCT_CODE,STANDARD,UNIT,UNIT_PRICE,LAST_PRICE,DISCOUNT_PRICE,AMOUNT,SURTAX_TYPE,ETC,SEQ,TOTAL_PRICE) values ('20210126lSMGS0195','20210126lSMGS01','mf0003e00401005',null,null,null,5650,0,5,'','',95,28250);
Insert into "dbo".ERP_ESTIMATEDETAIL (ESTIMATEDETAIL_CODE,ESTIMATE_CODE,PRODUCT_CODE,STANDARD,UNIT,UNIT_PRICE,LAST_PRICE,DISCOUNT_PRICE,AMOUNT,SURTAX_TYPE,ETC,SEQ,TOTAL_PRICE) values ('20210126lSMGS0196','20210126lSMGS01','mf0010e00101002',null,null,null,7800,0,1,'','',96,5650);
Insert into "dbo".ERP_ESTIMATEDETAIL (ESTIMATEDETAIL_CODE,ESTIMATE_CODE,PRODUCT_CODE,STANDARD,UNIT,UNIT_PRICE,LAST_PRICE,DISCOUNT_PRICE,AMOUNT,SURTAX_TYPE,ETC,SEQ,TOTAL_PRICE) values ('20210126lSMGS0197','20210126lSMGS01','mf0003e00702001',null,null,null,4950,0,6,'','',97,29700);
Insert into "dbo".ERP_ESTIMATEDETAIL (ESTIMATEDETAIL_CODE,ESTIMATE_CODE,PRODUCT_CODE,STANDARD,UNIT,UNIT_PRICE,LAST_PRICE,DISCOUNT_PRICE,AMOUNT,SURTAX_TYPE,ETC,SEQ,TOTAL_PRICE) values ('20210126lSMGS0198','20210126lSMGS01','mf0003e00401005',null,null,null,5650,0,5,'','',98,28250);
Insert into "dbo".ERP_ESTIMATEDETAIL (ESTIMATEDETAIL_CODE,ESTIMATE_CODE,PRODUCT_CODE,STANDARD,UNIT,UNIT_PRICE,LAST_PRICE,DISCOUNT_PRICE,AMOUNT,SURTAX_TYPE,ETC,SEQ,TOTAL_PRICE) values ('20210126lSMGS0199','20210126lSMGS01','mf0010e00101002',null,null,null,7800,0,1,'','',99,5650);
Insert into "dbo".ERP_ESTIMATEDETAIL (ESTIMATEDETAIL_CODE,ESTIMATE_CODE,PRODUCT_CODE,STANDARD,UNIT,UNIT_PRICE,LAST_PRICE,DISCOUNT_PRICE,AMOUNT,SURTAX_TYPE,ETC,SEQ,TOTAL_PRICE) values ('20210126lSMGS0100','20210126lSMGS01','mf0003e00702001',null,null,null,4950,0,6,'','',100,29700);
Insert into "dbo".ERP_ESTIMATEDETAIL (ESTIMATEDETAIL_CODE,ESTIMATE_CODE,PRODUCT_CODE,STANDARD,UNIT,UNIT_PRICE,LAST_PRICE,DISCOUNT_PRICE,AMOUNT,SURTAX_TYPE,ETC,SEQ,TOTAL_PRICE) values ('20210126lSMGS0102','20210126lSMGS01','mf0010e00101002',null,null,null,7800,0,1,'','',102,5650);
Insert into "dbo".ERP_ESTIMATEDETAIL (ESTIMATEDETAIL_CODE,ESTIMATE_CODE,PRODUCT_CODE,STANDARD,UNIT,UNIT_PRICE,LAST_PRICE,DISCOUNT_PRICE,AMOUNT,SURTAX_TYPE,ETC,SEQ,TOTAL_PRICE) values ('20210126lSMGS0103','20210126lSMGS01','mf0003e00702001',null,null,null,4950,0,6,'','',103,29700);
Insert into "dbo".ERP_ESTIMATEDETAIL (ESTIMATEDETAIL_CODE,ESTIMATE_CODE,PRODUCT_CODE,STANDARD,UNIT,UNIT_PRICE,LAST_PRICE,DISCOUNT_PRICE,AMOUNT,SURTAX_TYPE,ETC,SEQ,TOTAL_PRICE) values ('20210126lSMGS0104','20210126lSMGS01','mf0003e00401005',null,null,null,5650,0,5,'','',104,28250);
Insert into "dbo".ERP_ESTIMATEDETAIL (ESTIMATEDETAIL_CODE,ESTIMATE_CODE,PRODUCT_CODE,STANDARD,UNIT,UNIT_PRICE,LAST_PRICE,DISCOUNT_PRICE,AMOUNT,SURTAX_TYPE,ETC,SEQ,TOTAL_PRICE) values ('20210126lSMGS0105','20210126lSMGS01','mf0010e00101002',null,null,null,7800,0,1,'','',105,5650);
Insert into "dbo".ERP_ESTIMATEDETAIL (ESTIMATEDETAIL_CODE,ESTIMATE_CODE,PRODUCT_CODE,STANDARD,UNIT,UNIT_PRICE,LAST_PRICE,DISCOUNT_PRICE,AMOUNT,SURTAX_TYPE,ETC,SEQ,TOTAL_PRICE) values ('20210126lSMGS0106','20210126lSMGS01','mf0003e00702001',null,null,null,4950,0,6,'','',106,29700);
Insert into "dbo".ERP_ESTIMATEDETAIL (ESTIMATEDETAIL_CODE,ESTIMATE_CODE,PRODUCT_CODE,STANDARD,UNIT,UNIT_PRICE,LAST_PRICE,DISCOUNT_PRICE,AMOUNT,SURTAX_TYPE,ETC,SEQ,TOTAL_PRICE) values ('20210126lSMGS0107','20210126lSMGS01','mf0003e00401005',null,null,null,5650,0,5,'','',107,28250);
Insert into "dbo".ERP_ESTIMATEDETAIL (ESTIMATEDETAIL_CODE,ESTIMATE_CODE,PRODUCT_CODE,STANDARD,UNIT,UNIT_PRICE,LAST_PRICE,DISCOUNT_PRICE,AMOUNT,SURTAX_TYPE,ETC,SEQ,TOTAL_PRICE) values ('20210126lSMGS0108','20210126lSMGS01','mf0010e00101002',null,null,null,7800,0,1,'','',108,5650);
Insert into "dbo".ERP_ESTIMATEDETAIL (ESTIMATEDETAIL_CODE,ESTIMATE_CODE,PRODUCT_CODE,STANDARD,UNIT,UNIT_PRICE,LAST_PRICE,DISCOUNT_PRICE,AMOUNT,SURTAX_TYPE,ETC,SEQ,TOTAL_PRICE) values ('20210126lSMGS0109','20210126lSMGS01','mf0004e00202006',null,null,null,11230,0,1,'','',109,11230);
Insert into "dbo".ERP_ESTIMATEDETAIL (ESTIMATEDETAIL_CODE,ESTIMATE_CODE,PRODUCT_CODE,STANDARD,UNIT,UNIT_PRICE,LAST_PRICE,DISCOUNT_PRICE,AMOUNT,SURTAX_TYPE,ETC,SEQ,TOTAL_PRICE) values ('20201212pSMGS0103','20201212pSMGS01','mf0004e00202006',null,null,null,11230,0,1,'','',3,11230);
Insert into "dbo".ERP_ESTIMATEDETAIL (ESTIMATEDETAIL_CODE,ESTIMATE_CODE,PRODUCT_CODE,STANDARD,UNIT,UNIT_PRICE,LAST_PRICE,DISCOUNT_PRICE,AMOUNT,SURTAX_TYPE,ETC,SEQ,TOTAL_PRICE) values ('20210127lSDWM0101','20210127lSDWM01','mf0004e00202006',null,null,null,11230,0,3,'','',1,33690);
Insert into "dbo".ERP_ESTIMATEDETAIL (ESTIMATEDETAIL_CODE,ESTIMATE_CODE,PRODUCT_CODE,STANDARD,UNIT,UNIT_PRICE,LAST_PRICE,DISCOUNT_PRICE,AMOUNT,SURTAX_TYPE,ETC,SEQ,TOTAL_PRICE) values ('20210127lSDWM0102','20210127lSDWM01','mf0006e01502009',null,null,null,235,0,1,'','',2,235);
Insert into "dbo".ERP_ESTIMATEDETAIL (ESTIMATEDETAIL_CODE,ESTIMATE_CODE,PRODUCT_CODE,STANDARD,UNIT,UNIT_PRICE,LAST_PRICE,DISCOUNT_PRICE,AMOUNT,SURTAX_TYPE,ETC,SEQ,TOTAL_PRICE) values ('20210128lSDWM0101','20210128lSDWM01','mf0004e00202006',null,null,null,11230,0,3,'','',1,33690);
Insert into "dbo".ERP_ESTIMATEDETAIL (ESTIMATEDETAIL_CODE,ESTIMATE_CODE,PRODUCT_CODE,STANDARD,UNIT,UNIT_PRICE,LAST_PRICE,DISCOUNT_PRICE,AMOUNT,SURTAX_TYPE,ETC,SEQ,TOTAL_PRICE) values ('20210128lSDWM0102','20210128lSDWM01','mf0006e01502009',null,null,null,235,0,1,'','',2,235);
REM INSERTING into "dbo".ERP_EXPIRY_TYPE
SET DEFINE OFF;
Insert into "dbo".ERP_EXPIRY_TYPE (TYPE_CODE,TYPE_VALUE,TYPE_TERM) values ('day03','3일','3');
Insert into "dbo".ERP_EXPIRY_TYPE (TYPE_CODE,TYPE_VALUE,TYPE_TERM) values ('day05','5일','5');
Insert into "dbo".ERP_EXPIRY_TYPE (TYPE_CODE,TYPE_VALUE,TYPE_TERM) values ('day07','7일','7');
Insert into "dbo".ERP_EXPIRY_TYPE (TYPE_CODE,TYPE_VALUE,TYPE_TERM) values ('day30','30일','30');
Insert into "dbo".ERP_EXPIRY_TYPE (TYPE_CODE,TYPE_VALUE,TYPE_TERM) values ('nterm','기한없음','0');
REM INSERTING into "dbo".ERP_MYINFO
SET DEFINE OFF;
Insert into "dbo".ERP_MYINFO (BUSINESS_LICENSE_NUM,CORPORATE_NAME,COMPANY_NAME,REPRESENTATIVE_NAME,REPRESENTATIVE_SOCIAL_NUM,BUSINESS_CONDITION,BUSINESS_TYPE,CORPORATE_AREA,CORPORATE_EMAIL,CORPORATE_HOMEPAGE,CORPORATE_TELNUM,CORPORATE_FAXNUM,CORPORATE_POSTAL_CODE,CORPORATE_ADRESS1,CORPORATE_ADRESS2,MEMO,OFFICAIL_SEAL_FILE,COMPANY_CODE) values ('2118661993','TOBESOFT','(주)투비유통','조나나','7703312195687','G','도,소매,서비스','04','tobedistribution@tobesoft.com','tobesoft.com','0221407710','0221407711','06083','서울시 강남구 봉은사로 617','2층~5층','','172.10.11.231/repository/ERP/sign.png','TBE');
REM INSERTING into "dbo".ERP_PAYMENT_TYPE
SET DEFINE OFF;
Insert into "dbo".ERP_PAYMENT_TYPE (PAYMENT_CODE,PAYMENT_VALUE) values ('acc','계좌지급');
Insert into "dbo".ERP_PAYMENT_TYPE (PAYMENT_CODE,PAYMENT_VALUE) values ('cad','카드지급');
Insert into "dbo".ERP_PAYMENT_TYPE (PAYMENT_CODE,PAYMENT_VALUE) values ('csh','현금지급');
Insert into "dbo".ERP_PAYMENT_TYPE (PAYMENT_CODE,PAYMENT_VALUE) values ('pmo','어음지급');
REM INSERTING into "dbo".ERP_PRICE
SET DEFINE OFF;
Insert into "dbo".ERP_PRICE (CUSTOMER_PRICE_CODE,PRICE_VERSION,CUSTOMER_CODE,PRODUCT_CODE,LAST_PRICE,RECEIVING_PRICE,WHOLESALE_PRICE,RETAIL_PRICE,SPECIAL_PRICE1,SPECIAL_PRICE2,SPECIAL_PRICE3,TAX_FREE_CHECK,DISCOUNT_RATE,TRADING_TYPE) values ('DWMmf0010e0010100201',1,'DWM','mf0010e00101002',7530,6700,7200,7530,0,0,0,'false',0,'s1');
Insert into "dbo".ERP_PRICE (CUSTOMER_PRICE_CODE,PRICE_VERSION,CUSTOMER_CODE,PRODUCT_CODE,LAST_PRICE,RECEIVING_PRICE,WHOLESALE_PRICE,RETAIL_PRICE,SPECIAL_PRICE1,SPECIAL_PRICE2,SPECIAL_PRICE3,TAX_FREE_CHECK,DISCOUNT_RATE,TRADING_TYPE) values ('mf0010e0010100201',1,'','mf0010e00101002',7530,6700,7200,7530,0,0,0,'false',0,'s1');
Insert into "dbo".ERP_PRICE (CUSTOMER_PRICE_CODE,PRICE_VERSION,CUSTOMER_CODE,PRODUCT_CODE,LAST_PRICE,RECEIVING_PRICE,WHOLESALE_PRICE,RETAIL_PRICE,SPECIAL_PRICE1,SPECIAL_PRICE2,SPECIAL_PRICE3,TAX_FREE_CHECK,DISCOUNT_RATE,TRADING_TYPE) values ('MGSmf0003e0040100501',1,'MGS','mf0003e00401005',4280,3370000,4280,5650,5200,5100,5050,'false',5,'s1');
Insert into "dbo".ERP_PRICE (CUSTOMER_PRICE_CODE,PRICE_VERSION,CUSTOMER_CODE,PRODUCT_CODE,LAST_PRICE,RECEIVING_PRICE,WHOLESALE_PRICE,RETAIL_PRICE,SPECIAL_PRICE1,SPECIAL_PRICE2,SPECIAL_PRICE3,TAX_FREE_CHECK,DISCOUNT_RATE,TRADING_TYPE) values ('MGSmf0003e0070200101',1,'MGS','mf0003e00702001',4200,3872,4200,4850,4100,0,0,'true',0,'s1');
Insert into "dbo".ERP_PRICE (CUSTOMER_PRICE_CODE,PRICE_VERSION,CUSTOMER_CODE,PRODUCT_CODE,LAST_PRICE,RECEIVING_PRICE,WHOLESALE_PRICE,RETAIL_PRICE,SPECIAL_PRICE1,SPECIAL_PRICE2,SPECIAL_PRICE3,TAX_FREE_CHECK,DISCOUNT_RATE,TRADING_TYPE) values ('MGSmf0004e0020100301',1,'MGS','mf0004e00201003',9957,9353,9957,10235,0,0,0,'',0,'s2');
Insert into "dbo".ERP_PRICE (CUSTOMER_PRICE_CODE,PRICE_VERSION,CUSTOMER_CODE,PRODUCT_CODE,LAST_PRICE,RECEIVING_PRICE,WHOLESALE_PRICE,RETAIL_PRICE,SPECIAL_PRICE1,SPECIAL_PRICE2,SPECIAL_PRICE3,TAX_FREE_CHECK,DISCOUNT_RATE,TRADING_TYPE) values ('MGSmf0006e0020500401',1,'MGS','mf0006e00205004',9850,8000,9500,12500,0,0,0,'',0,'s1');
Insert into "dbo".ERP_PRICE (CUSTOMER_PRICE_CODE,PRICE_VERSION,CUSTOMER_CODE,PRODUCT_CODE,LAST_PRICE,RECEIVING_PRICE,WHOLESALE_PRICE,RETAIL_PRICE,SPECIAL_PRICE1,SPECIAL_PRICE2,SPECIAL_PRICE3,TAX_FREE_CHECK,DISCOUNT_RATE,TRADING_TYPE) values ('MGSmf0010e0010100201',1,'MGS','mf0010e00101002',7800,6700,7200,7530,0,0,0,'',0,'s1');
Insert into "dbo".ERP_PRICE (CUSTOMER_PRICE_CODE,PRICE_VERSION,CUSTOMER_CODE,PRODUCT_CODE,LAST_PRICE,RECEIVING_PRICE,WHOLESALE_PRICE,RETAIL_PRICE,SPECIAL_PRICE1,SPECIAL_PRICE2,SPECIAL_PRICE3,TAX_FREE_CHECK,DISCOUNT_RATE,TRADING_TYPE) values ('MHGmf0003e0070200101',1,'MHG','mf0003e00702001',5210,3872,4200,4850,4100,0,0,'false',0,'s1');
Insert into "dbo".ERP_PRICE (CUSTOMER_PRICE_CODE,PRICE_VERSION,CUSTOMER_CODE,PRODUCT_CODE,LAST_PRICE,RECEIVING_PRICE,WHOLESALE_PRICE,RETAIL_PRICE,SPECIAL_PRICE1,SPECIAL_PRICE2,SPECIAL_PRICE3,TAX_FREE_CHECK,DISCOUNT_RATE,TRADING_TYPE) values ('MHGmf0010e0010100201',1,'MHG','mf0010e00101002',7530,6700,7200,7530,0,0,0,'true',0,'s1');
Insert into "dbo".ERP_PRICE (CUSTOMER_PRICE_CODE,PRICE_VERSION,CUSTOMER_CODE,PRODUCT_CODE,LAST_PRICE,RECEIVING_PRICE,WHOLESALE_PRICE,RETAIL_PRICE,SPECIAL_PRICE1,SPECIAL_PRICE2,SPECIAL_PRICE3,TAX_FREE_CHECK,DISCOUNT_RATE,TRADING_TYPE) values ('MIMmf0003e0070200101',1,'MIM','mf0003e00702001',5100,3872,4200,4850,4100,0,0,'true',0,'s1');
Insert into "dbo".ERP_PRICE (CUSTOMER_PRICE_CODE,PRICE_VERSION,CUSTOMER_CODE,PRODUCT_CODE,LAST_PRICE,RECEIVING_PRICE,WHOLESALE_PRICE,RETAIL_PRICE,SPECIAL_PRICE1,SPECIAL_PRICE2,SPECIAL_PRICE3,TAX_FREE_CHECK,DISCOUNT_RATE,TRADING_TYPE) values ('MIMmf0004e0020100301',1,'MIM','mf0004e00201003',10300,9353,9957,10235,0,0,0,'',0,'s1');
Insert into "dbo".ERP_PRICE (CUSTOMER_PRICE_CODE,PRICE_VERSION,CUSTOMER_CODE,PRODUCT_CODE,LAST_PRICE,RECEIVING_PRICE,WHOLESALE_PRICE,RETAIL_PRICE,SPECIAL_PRICE1,SPECIAL_PRICE2,SPECIAL_PRICE3,TAX_FREE_CHECK,DISCOUNT_RATE,TRADING_TYPE) values ('MIMmf0006e0020500401',1,'MIM','mf0006e00205004',13100,8000,9500,12500,0,0,0,'',0,'s1');
Insert into "dbo".ERP_PRICE (CUSTOMER_PRICE_CODE,PRICE_VERSION,CUSTOMER_CODE,PRODUCT_CODE,LAST_PRICE,RECEIVING_PRICE,WHOLESALE_PRICE,RETAIL_PRICE,SPECIAL_PRICE1,SPECIAL_PRICE2,SPECIAL_PRICE3,TAX_FREE_CHECK,DISCOUNT_RATE,TRADING_TYPE) values ('MIMmf0010e0010100201',1,'MIM','mf0010e00101002',7610,6700,7200,7530,0,0,0,'',0,'s1');
Insert into "dbo".ERP_PRICE (CUSTOMER_PRICE_CODE,PRICE_VERSION,CUSTOMER_CODE,PRODUCT_CODE,LAST_PRICE,RECEIVING_PRICE,WHOLESALE_PRICE,RETAIL_PRICE,SPECIAL_PRICE1,SPECIAL_PRICE2,SPECIAL_PRICE3,TAX_FREE_CHECK,DISCOUNT_RATE,TRADING_TYPE) values ('OKYmf0004e0020100301',1,'OKY','mf0004e00201003',10235,9353,9957,10235,0,0,0,'',0,'s1');
Insert into "dbo".ERP_PRICE (CUSTOMER_PRICE_CODE,PRICE_VERSION,CUSTOMER_CODE,PRODUCT_CODE,LAST_PRICE,RECEIVING_PRICE,WHOLESALE_PRICE,RETAIL_PRICE,SPECIAL_PRICE1,SPECIAL_PRICE2,SPECIAL_PRICE3,TAX_FREE_CHECK,DISCOUNT_RATE,TRADING_TYPE) values ('OKYmf0010e0010100201',1,'OKY','mf0010e00101002',7530,6700,7200,7530,0,0,0,'',0,'s1');
Insert into "dbo".ERP_PRICE (CUSTOMER_PRICE_CODE,PRICE_VERSION,CUSTOMER_CODE,PRODUCT_CODE,LAST_PRICE,RECEIVING_PRICE,WHOLESALE_PRICE,RETAIL_PRICE,SPECIAL_PRICE1,SPECIAL_PRICE2,SPECIAL_PRICE3,TAX_FREE_CHECK,DISCOUNT_RATE,TRADING_TYPE) values ('TTMmf0008e0010201001',1,'TTM','mf0008e00102010',17580,12500,14900,17580,0,0,0,'true',0,'s1');
Insert into "dbo".ERP_PRICE (CUSTOMER_PRICE_CODE,PRICE_VERSION,CUSTOMER_CODE,PRODUCT_CODE,LAST_PRICE,RECEIVING_PRICE,WHOLESALE_PRICE,RETAIL_PRICE,SPECIAL_PRICE1,SPECIAL_PRICE2,SPECIAL_PRICE3,TAX_FREE_CHECK,DISCOUNT_RATE,TRADING_TYPE) values ('TTMmf0010e0010100201',1,'TTM','mf0010e00101002',7530,6700,7200,7530,0,0,0,'',0,'s1');
REM INSERTING into "dbo".ERP_PRODUCT
SET DEFINE OFF;
Insert into "dbo".ERP_PRODUCT (PRODUCT_CODE,PRODUCT_NAME,PRODUCT_GROUPS,ASSET_GROUPS,STANDARD,COLOR,UNIT,BARCODE,COMPANY_CODE,RECEIVING_PRICE,WHOLESALE_PRICE,RETAIL_PRICE,SPECIAL_PRICE1,SPECIAL_PRICE2,SPECIAL_PRICE3,TAX_FREE_CHECK,DISCOUNT_RATE,BASIC_STOCK_COUNT,NOW_STOCK_COUNT,BOX_COUNT,UNIT_COUNT,SAFETY_STOCK_COUNT,PRODUCT_STORAGE_AREA,COUNT_PER_BOX,PRODUCT_SEQ) values ('mf0003e00401005','3050블링','e015','e0','4입*8set','','01','','mf0003',3370,4280,5650,0,0,0,'',0,0,157,10,7,0,'',15,5);
Insert into "dbo".ERP_PRODUCT (PRODUCT_CODE,PRODUCT_NAME,PRODUCT_GROUPS,ASSET_GROUPS,STANDARD,COLOR,UNIT,BARCODE,COMPANY_CODE,RECEIVING_PRICE,WHOLESALE_PRICE,RETAIL_PRICE,SPECIAL_PRICE1,SPECIAL_PRICE2,SPECIAL_PRICE3,TAX_FREE_CHECK,DISCOUNT_RATE,BASIC_STOCK_COUNT,NOW_STOCK_COUNT,BOX_COUNT,UNIT_COUNT,SAFETY_STOCK_COUNT,PRODUCT_STORAGE_AREA,COUNT_PER_BOX,PRODUCT_SEQ) values ('mf0003e00702001','다우나(데이지)','e016','e0','EA','노랑','02','','mf0010',3872,4200,4850,4100,0,0,'true',0,0,50,10,10,0,'',4,1);
Insert into "dbo".ERP_PRODUCT (PRODUCT_CODE,PRODUCT_NAME,PRODUCT_GROUPS,ASSET_GROUPS,STANDARD,COLOR,UNIT,BARCODE,COMPANY_CODE,RECEIVING_PRICE,WHOLESALE_PRICE,RETAIL_PRICE,SPECIAL_PRICE1,SPECIAL_PRICE2,SPECIAL_PRICE3,TAX_FREE_CHECK,DISCOUNT_RATE,BASIC_STOCK_COUNT,NOW_STOCK_COUNT,BOX_COUNT,UNIT_COUNT,SAFETY_STOCK_COUNT,PRODUCT_STORAGE_AREA,COUNT_PER_BOX,PRODUCT_SEQ) values ('mf0004e00201003','히트실내건조','e002','e0','2.7kg*4','','01','','mf0004',9353,9957,10235,0,0,0,'',0,0,20,4,4,0,'',4,3);
Insert into "dbo".ERP_PRODUCT (PRODUCT_CODE,PRODUCT_NAME,PRODUCT_GROUPS,ASSET_GROUPS,STANDARD,COLOR,UNIT,BARCODE,COMPANY_CODE,RECEIVING_PRICE,WHOLESALE_PRICE,RETAIL_PRICE,SPECIAL_PRICE1,SPECIAL_PRICE2,SPECIAL_PRICE3,TAX_FREE_CHECK,DISCOUNT_RATE,BASIC_STOCK_COUNT,NOW_STOCK_COUNT,BOX_COUNT,UNIT_COUNT,SAFETY_STOCK_COUNT,PRODUCT_STORAGE_AREA,COUNT_PER_BOX,PRODUCT_SEQ) values ('mf0004e00202006','비투','e002','e0','EA.','','02','','mf0004',9580,10800,11230,0,0,0,'',0,0,34,2,10,0,'',12,6);
Insert into "dbo".ERP_PRODUCT (PRODUCT_CODE,PRODUCT_NAME,PRODUCT_GROUPS,ASSET_GROUPS,STANDARD,COLOR,UNIT,BARCODE,COMPANY_CODE,RECEIVING_PRICE,WHOLESALE_PRICE,RETAIL_PRICE,SPECIAL_PRICE1,SPECIAL_PRICE2,SPECIAL_PRICE3,TAX_FREE_CHECK,DISCOUNT_RATE,BASIC_STOCK_COUNT,NOW_STOCK_COUNT,BOX_COUNT,UNIT_COUNT,SAFETY_STOCK_COUNT,PRODUCT_STORAGE_AREA,COUNT_PER_BOX,PRODUCT_SEQ) values ('mf0006e00205004','로우타이','e002','e0','5.5kg','','05','','mf0006',8000,9500,12500,0,0,0,'',0,0,53,0,53,0,'',0,4);
Insert into "dbo".ERP_PRODUCT (PRODUCT_CODE,PRODUCT_NAME,PRODUCT_GROUPS,ASSET_GROUPS,STANDARD,COLOR,UNIT,BARCODE,COMPANY_CODE,RECEIVING_PRICE,WHOLESALE_PRICE,RETAIL_PRICE,SPECIAL_PRICE1,SPECIAL_PRICE2,SPECIAL_PRICE3,TAX_FREE_CHECK,DISCOUNT_RATE,BASIC_STOCK_COUNT,NOW_STOCK_COUNT,BOX_COUNT,UNIT_COUNT,SAFETY_STOCK_COUNT,PRODUCT_STORAGE_AREA,COUNT_PER_BOX,PRODUCT_SEQ) values ('mf0006e01502009','5325','e015','e0','235','235','02','3255','mf0006',235,235,235,235,235,235,'true',23,35,830760,235,35,0,'235',3535,9);
Insert into "dbo".ERP_PRODUCT (PRODUCT_CODE,PRODUCT_NAME,PRODUCT_GROUPS,ASSET_GROUPS,STANDARD,COLOR,UNIT,BARCODE,COMPANY_CODE,RECEIVING_PRICE,WHOLESALE_PRICE,RETAIL_PRICE,SPECIAL_PRICE1,SPECIAL_PRICE2,SPECIAL_PRICE3,TAX_FREE_CHECK,DISCOUNT_RATE,BASIC_STOCK_COUNT,NOW_STOCK_COUNT,BOX_COUNT,UNIT_COUNT,SAFETY_STOCK_COUNT,PRODUCT_STORAGE_AREA,COUNT_PER_BOX,PRODUCT_SEQ) values ('mf0006e01603008','스미골','e016','e0','','파랑','03','123','mf0006',12300,15820,23555,15820,15820,15820,'',0,0,60,5,0,0,'',12,8);
Insert into "dbo".ERP_PRODUCT (PRODUCT_CODE,PRODUCT_NAME,PRODUCT_GROUPS,ASSET_GROUPS,STANDARD,COLOR,UNIT,BARCODE,COMPANY_CODE,RECEIVING_PRICE,WHOLESALE_PRICE,RETAIL_PRICE,SPECIAL_PRICE1,SPECIAL_PRICE2,SPECIAL_PRICE3,TAX_FREE_CHECK,DISCOUNT_RATE,BASIC_STOCK_COUNT,NOW_STOCK_COUNT,BOX_COUNT,UNIT_COUNT,SAFETY_STOCK_COUNT,PRODUCT_STORAGE_AREA,COUNT_PER_BOX,PRODUCT_SEQ) values ('mf0008e00102010','빨래싹','e001','e0','','','02','','mf0008',12500,14900,17580,0,0,0,'',0,0,25,5,15,0,'',2,10);
Insert into "dbo".ERP_PRODUCT (PRODUCT_CODE,PRODUCT_NAME,PRODUCT_GROUPS,ASSET_GROUPS,STANDARD,COLOR,UNIT,BARCODE,COMPANY_CODE,RECEIVING_PRICE,WHOLESALE_PRICE,RETAIL_PRICE,SPECIAL_PRICE1,SPECIAL_PRICE2,SPECIAL_PRICE3,TAX_FREE_CHECK,DISCOUNT_RATE,BASIC_STOCK_COUNT,NOW_STOCK_COUNT,BOX_COUNT,UNIT_COUNT,SAFETY_STOCK_COUNT,PRODUCT_STORAGE_AREA,COUNT_PER_BOX,PRODUCT_SEQ) values ('mf0010e00101002','다우나퍼퓸(보라돌이)','e016','e0','1L*12','보라','01','','mf0010',6700,7200,7530,0,0,0,'',0,0,53,4,5,0,'',12,2);
Insert into "dbo".ERP_PRODUCT (PRODUCT_CODE,PRODUCT_NAME,PRODUCT_GROUPS,ASSET_GROUPS,STANDARD,COLOR,UNIT,BARCODE,COMPANY_CODE,RECEIVING_PRICE,WHOLESALE_PRICE,RETAIL_PRICE,SPECIAL_PRICE1,SPECIAL_PRICE2,SPECIAL_PRICE3,TAX_FREE_CHECK,DISCOUNT_RATE,BASIC_STOCK_COUNT,NOW_STOCK_COUNT,BOX_COUNT,UNIT_COUNT,SAFETY_STOCK_COUNT,PRODUCT_STORAGE_AREA,COUNT_PER_BOX,PRODUCT_SEQ) values ('mf0011e21702007','곰표박력분','e217','e0','','','02','','mf0011',1000,0,0,0,0,0,'',0,0,0,0,0,0,'',0,7);
REM INSERTING into "dbo".ERP_PRODUCT_ASSET
SET DEFINE OFF;
Insert into "dbo".ERP_PRODUCT_ASSET (ASSET_CODE,ASSET_VALUE) values ('e0','상품');
Insert into "dbo".ERP_PRODUCT_ASSET (ASSET_CODE,ASSET_VALUE) values ('e1','제품');
Insert into "dbo".ERP_PRODUCT_ASSET (ASSET_CODE,ASSET_VALUE) values ('e2','원재료');
Insert into "dbo".ERP_PRODUCT_ASSET (ASSET_CODE,ASSET_VALUE) values ('e3','재공품');
Insert into "dbo".ERP_PRODUCT_ASSET (ASSET_CODE,ASSET_VALUE) values ('e4','저장품');
REM INSERTING into "dbo".ERP_PRODUCT_GROUP
SET DEFINE OFF;
Insert into "dbo".ERP_PRODUCT_GROUP (GROUP_VALUE,ASSET_CODE,GROUP_STANDARD,GROUP_SEQ,GROUP_CODE) values ('세탁세제','e0','세탁',1,'e001');
Insert into "dbo".ERP_PRODUCT_GROUP (GROUP_VALUE,ASSET_CODE,GROUP_STANDARD,GROUP_SEQ,GROUP_CODE) values ('가루세제','e0','세탁',2,'e002');
Insert into "dbo".ERP_PRODUCT_GROUP (GROUP_VALUE,ASSET_CODE,GROUP_STANDARD,GROUP_SEQ,GROUP_CODE) values ('치약','e0','목욕',5,'e005');
Insert into "dbo".ERP_PRODUCT_GROUP (GROUP_VALUE,ASSET_CODE,GROUP_STANDARD,GROUP_SEQ,GROUP_CODE) values ('샴푸.린스','e0','목욕',6,'e006');
Insert into "dbo".ERP_PRODUCT_GROUP (GROUP_VALUE,ASSET_CODE,GROUP_STANDARD,GROUP_SEQ,GROUP_CODE) values ('목욕세제','e0','목욕',7,'e007');
Insert into "dbo".ERP_PRODUCT_GROUP (GROUP_VALUE,ASSET_CODE,GROUP_STANDARD,GROUP_SEQ,GROUP_CODE) values ('화장비누','e0','목욕',8,'e008');
Insert into "dbo".ERP_PRODUCT_GROUP (GROUP_VALUE,ASSET_CODE,GROUP_STANDARD,GROUP_SEQ,GROUP_CODE) values ('세탁비누','e0','세탁',9,'e009');
Insert into "dbo".ERP_PRODUCT_GROUP (GROUP_VALUE,ASSET_CODE,GROUP_STANDARD,GROUP_SEQ,GROUP_CODE) values ('구강세정제','e0','기타',10,'e010');
Insert into "dbo".ERP_PRODUCT_GROUP (GROUP_VALUE,ASSET_CODE,GROUP_STANDARD,GROUP_SEQ,GROUP_CODE) values ('기타잡화','e0','기타',11,'e011');
Insert into "dbo".ERP_PRODUCT_GROUP (GROUP_VALUE,ASSET_CODE,GROUP_STANDARD,GROUP_SEQ,GROUP_CODE) values ('미용용품','e0','기타',12,'e012');
Insert into "dbo".ERP_PRODUCT_GROUP (GROUP_VALUE,ASSET_CODE,GROUP_STANDARD,GROUP_SEQ,GROUP_CODE) values ('고체치약','e0','기타',13,'e013');
Insert into "dbo".ERP_PRODUCT_GROUP (GROUP_VALUE,ASSET_CODE,GROUP_STANDARD,GROUP_SEQ,GROUP_CODE) values ('때비누','e0','비누',14,'e014');
Insert into "dbo".ERP_PRODUCT_GROUP (GROUP_VALUE,ASSET_CODE,GROUP_STANDARD,GROUP_SEQ,GROUP_CODE) values ('칫솔','e0','목욕',15,'e015');
Insert into "dbo".ERP_PRODUCT_GROUP (GROUP_VALUE,ASSET_CODE,GROUP_STANDARD,GROUP_SEQ,GROUP_CODE) values ('섬유유연제','e0','',16,'e016');
Insert into "dbo".ERP_PRODUCT_GROUP (GROUP_VALUE,ASSET_CODE,GROUP_STANDARD,GROUP_SEQ,GROUP_CODE) values ('gfd','e0','fgd',18,'e018');
Insert into "dbo".ERP_PRODUCT_GROUP (GROUP_VALUE,ASSET_CODE,GROUP_STANDARD,GROUP_SEQ,GROUP_CODE) values ('1','e0','35',19,'e019');
Insert into "dbo".ERP_PRODUCT_GROUP (GROUP_VALUE,ASSET_CODE,GROUP_STANDARD,GROUP_SEQ,GROUP_CODE) values ('박력분','e2','',17,'e217');
REM INSERTING into "dbo".ERP_PRODUCT_MENUFACTURE
SET DEFINE OFF;
Insert into "dbo".ERP_PRODUCT_MENUFACTURE (MENUFACTURE_CODE,MENUFACTURE_NAME,MENUFACTURE_TELNUM,MENUFACTURE_FAXNUM,MENUFACTURE_POSTALCODE,MENUFACTURE_ADRESS1,MENUFACTURE_ADRESS2,MANUFACTURE_AREA,MENUFACTURE_SEQ) values ('mf0004','엔지생활건강','021112345  ','0215632456 ','06309','서울 강남구 개포로32길 13','','01',4);
Insert into "dbo".ERP_PRODUCT_MENUFACTURE (MENUFACTURE_CODE,MENUFACTURE_NAME,MENUFACTURE_TELNUM,MENUFACTURE_FAXNUM,MENUFACTURE_POSTALCODE,MENUFACTURE_ADRESS1,MENUFACTURE_ADRESS2,MANUFACTURE_AREA,MENUFACTURE_SEQ) values ('mf0005','대서양','','','','','','15',5);
Insert into "dbo".ERP_PRODUCT_MENUFACTURE (MENUFACTURE_CODE,MENUFACTURE_NAME,MENUFACTURE_TELNUM,MENUFACTURE_FAXNUM,MENUFACTURE_POSTALCODE,MENUFACTURE_ADRESS1,MENUFACTURE_ADRESS2,MANUFACTURE_AREA,MENUFACTURE_SEQ) values ('mf0006','hoxy','0321112563 ','','','','','04',6);
Insert into "dbo".ERP_PRODUCT_MENUFACTURE (MENUFACTURE_CODE,MENUFACTURE_NAME,MENUFACTURE_TELNUM,MENUFACTURE_FAXNUM,MENUFACTURE_POSTALCODE,MENUFACTURE_ADRESS1,MENUFACTURE_ADRESS2,MANUFACTURE_AREA,MENUFACTURE_SEQ) values ('mf0007','동화제약','','','','','','01',7);
Insert into "dbo".ERP_PRODUCT_MENUFACTURE (MENUFACTURE_CODE,MENUFACTURE_NAME,MENUFACTURE_TELNUM,MENUFACTURE_FAXNUM,MENUFACTURE_POSTALCODE,MENUFACTURE_ADRESS1,MENUFACTURE_ADRESS2,MANUFACTURE_AREA,MENUFACTURE_SEQ) values ('mf0008','피손','','','13480','경기 성남시 분당구 대왕판교로 477','123123','15',8);
Insert into "dbo".ERP_PRODUCT_MENUFACTURE (MENUFACTURE_CODE,MENUFACTURE_NAME,MENUFACTURE_TELNUM,MENUFACTURE_FAXNUM,MENUFACTURE_POSTALCODE,MENUFACTURE_ADRESS1,MENUFACTURE_ADRESS2,MANUFACTURE_AREA,MENUFACTURE_SEQ) values ('mf0009','유앤양행','','','','','','02',9);
Insert into "dbo".ERP_PRODUCT_MENUFACTURE (MENUFACTURE_CODE,MENUFACTURE_NAME,MENUFACTURE_TELNUM,MENUFACTURE_FAXNUM,MENUFACTURE_POSTALCODE,MENUFACTURE_ADRESS1,MENUFACTURE_ADRESS2,MANUFACTURE_AREA,MENUFACTURE_SEQ) values ('mf0010','피앤씨','','','','','','01',10);
Insert into "dbo".ERP_PRODUCT_MENUFACTURE (MENUFACTURE_CODE,MENUFACTURE_NAME,MENUFACTURE_TELNUM,MENUFACTURE_FAXNUM,MENUFACTURE_POSTALCODE,MENUFACTURE_ADRESS1,MENUFACTURE_ADRESS2,MANUFACTURE_AREA,MENUFACTURE_SEQ) values ('mf0011','곰표','','','','','','02',11);
REM INSERTING into "dbo".ERP_PRODUCT_UNIT
SET DEFINE OFF;
Insert into "dbo".ERP_PRODUCT_UNIT (UNIT_VALUE,UNIT_SEQ,UNIT_CODE) values ('개',1,'01');
Insert into "dbo".ERP_PRODUCT_UNIT (UNIT_VALUE,UNIT_SEQ,UNIT_CODE) values ('kg1',2,'02');
Insert into "dbo".ERP_PRODUCT_UNIT (UNIT_VALUE,UNIT_SEQ,UNIT_CODE) values ('L',3,'03');
Insert into "dbo".ERP_PRODUCT_UNIT (UNIT_VALUE,UNIT_SEQ,UNIT_CODE) values ('set',4,'04');
Insert into "dbo".ERP_PRODUCT_UNIT (UNIT_VALUE,UNIT_SEQ,UNIT_CODE) values ('통',5,'05');
Insert into "dbo".ERP_PRODUCT_UNIT (UNIT_VALUE,UNIT_SEQ,UNIT_CODE) values ('박스',6,'06');
REM INSERTING into "dbo".ERP_SALES_TYPE
SET DEFINE OFF;
Insert into "dbo".ERP_SALES_TYPE (TYPE_CODE,TYPE_VALUE) values ('lS','매출');
Insert into "dbo".ERP_SALES_TYPE (TYPE_CODE,TYPE_VALUE) values ('pS','매입');
REM INSERTING into "dbo".ERP_SURTAX_TYPE
SET DEFINE OFF;
Insert into "dbo".ERP_SURTAX_TYPE (TYPE_CODE,TYPE_VALUE) values ('11','과세거래');
Insert into "dbo".ERP_SURTAX_TYPE (TYPE_CODE,TYPE_VALUE) values ('13','면세거래');
