﻿<?xml version="1.0" encoding="utf-8"?>
<TypeDefinition version="3.0">
  <Modules>
    <Module url="CompBase.json"/>
    <Module url="ComComp.json"/>
    <Module url="Grid.json"/>
    <Module url="ListView.json"/>
    <Module url="DeviceAPI.json"/>
    <Module url="extlib::Chart.json"/>
    <Module url="extlib::ActionAsset.json"/>
  </Modules>
  <Components>
    <Component type="JavaScript" id="Button" classname="nexacro.Button"/>
    <Component type="JavaScript" id="Combo" classname="nexacro.Combo"/>
    <Component type="JavaScript" id="Edit" classname="nexacro.Edit"/>
    <Component type="JavaScript" id="MaskEdit" classname="nexacro.MaskEdit"/>
    <Component type="JavaScript" id="TextArea" classname="nexacro.TextArea"/>
    <Component type="JavaScript" id="Static" classname="nexacro.Static"/>
    <Component type="JavaScript" id="Div" classname="nexacro.Div"/>
    <Component type="JavaScript" id="PopupDiv" classname="nexacro.PopupDiv"/>
    <Component type="JavaScript" id="Radio" classname="nexacro.Radio"/>
    <Component type="JavaScript" id="CheckBox" classname="nexacro.CheckBox"/>
    <Component type="JavaScript" id="ListBox" classname="nexacro.ListBox"/>
    <Component type="JavaScript" id="Grid" classname="nexacro.Grid"/>
    <Component type="JavaScript" id="Spin" classname="nexacro.Spin"/>
    <Component type="JavaScript" id="Menu" classname="nexacro.Menu"/>
    <Component type="JavaScript" id="PopupMenu" classname="nexacro.PopupMenu"/>
    <Component type="JavaScript" id="Tab" classname="nexacro.Tab"/>
    <Component type="JavaScript" id="GroupBox" classname="nexacro.GroupBox"/>
    <Component type="JavaScript" id="Calendar" classname="nexacro.Calendar"/>
    <Component type="JavaScript" id="ImageViewer" classname="nexacro.ImageViewer"/>
    <Component type="JavaScript" id="ProgressBar" classname="nexacro.ProgressBar"/>
    <Component type="JavaScript" id="Plugin" classname="nexacro.Plugin"/>
    <Component type="JavaScript" id="Dataset" classname="nexacro.NormalDataset"/>
    <Component type="JavaScript" id="ListView" classname="nexacro.ListView"/>
    <Component type="JavaScript" id="DataObject" classname="nexacro.DataObject"/>
    <Component type="JavaScript" id="View" classname="nexacro.View"/>
    <Component type="JavaScript" id="BasicChart" classname="nexacro.BasicChart" iconindex="400" iconextra="true" prefixid=""/>
    <Component type="JavaScript" id="PyramidChart" classname="nexacro.PyramidChart" iconindex="407" iconextra="true" prefixid=""/>
    <Component type="JavaScript" id="FloatChart" classname="nexacro.FloatChart" iconindex="406" iconextra="true" prefixid=""/>
    <Component type="JavaScript" id="RoseChart" classname="nexacro.RoseChart" iconindex="405" iconextra="true" prefixid=""/>
    <Component type="JavaScript" id="RadarChart" classname="nexacro.RadarChart" iconindex="404" iconextra="true" prefixid=""/>
    <Component type="JavaScript" id="GaugeChart" classname="nexacro.GaugeChart" iconindex="403" iconextra="true" prefixid=""/>
    <Component type="JavaScript" id="PieChart" classname="nexacro.PieChart" iconindex="402" iconextra="true" prefixid=""/>
    <Component type="JavaScript" id="BubbleChart" classname="nexacro.BubbleChart" iconindex="401" iconextra="true"/>
    <Component type="JavaScript" id="TranAction" classname="nexacro.TranAction"/>
    <Component type="JavaScript" id="MessageAction" classname="nexacro.MessageAction"/>
    <Component type="JavaScript" id="PopupAction" classname="nexacro.PopupAction"/>
  </Components>
  <Services>
    <Service prefixid="theme" type="resource" url="./_resource_/_theme_/" version="0" cachelevel="session" include_subdir="true"/>
    <Service prefixid="initvalue" type="resource" url="./_resource_/_initvalue_/" version="0" cachelevel="session" include_subdir="false"/>
    <Service prefixid="xcssrc" type="resource" url="./_resource_/_xcss_/" version="0" cachelevel="session" include_subdir="false"/>
    <Service prefixid="imagerc" type="resource" url="./_resource_/_images_/" version="0" cachelevel="session" include_subdir="true"/>
    <Service prefixid="font" type="resource" url="./_resource_/_font_/" version="0" cachelevel="session" include_subdir="false"/>
    <Service prefixid="model" type="model" url="./model/" version="0" cachelevel="session" include_subdir="true" communicationversion="0"/>
    <Service prefixid="view_lib" type="js" url="./view/lib/" version="0" cachelevel="session" include_subdir="false" communicationversion="0"/>
    <Service prefixid="sample" type="form" url="./sample/" version="0" cachelevel="session" include_subdir="false" communicationversion="0"/>
    <Service prefixid="test" type="form" url="./test/" version="0" cachelevel="session" include_subdir="true" communicationversion="0"/>
  </Services>
  <Protocols/>
  <DeviceAdaptors/>
  <Update/>
</TypeDefinition>
